"Area 51 (USA).chd","Area 51 (USA)","Area 51 (USA)","ps2",
"Ben 10 - Alien Force, Vilgax Attacks [22823].chd","BEN 10 - ALIEN FORCE, VILGAX ATTACKS [22823]","BEN 10 - ALIEN FORCE, VILGAX ATTACKS [22823]","ps2",
"Ben 10 - Protector Of Earth [22717].chd","BEN 10 - PROTECTOR OF EARTH [22717]","BEN 10 - PROTECTOR OF EARTH [22717]","ps2",
"Ben 10 - Ultimate Alien, Cosmic Destruction [22869].chd","BEN 10 - ULTIMATE ALIEN, COSMIC DESTRUCTION [22869]","BEN 10 - ULTIMATE ALIEN, COSMIC DESTRUCTION [22869]","ps2",
"Black [22022].chd","BLACK [22022]","BLACK [22022]","ps2",
"Burnout Dominator (BR) [22384].chd","BURNOUT DOMINATOR (BR)","BURNOUT DOMINATOR (BR)","ps2",
"Contra - Shattered Soldier (BR) [22596].chd","CONTRA - SHATTERED SOLDIER (BR) [22596]","CONTRA - SHATTERED SOLDIER (BR) [22596]","ps2",
"Crash Of The Titans [22310].chd","CRASH OF THE TITANS [22310]","CRASH OF THE TITANS [22310]","ps2",
"Crash Twinsanity [22065].chd","CRASH TWINSANITY [22065]","CRASH TWINSANITY [22065]","ps2",
"Disney Pixar Ratatouille [22255].chd","DISNEY PIXAR RATATOUILLE [22255]","DISNEY PIXAR RATATOUILLE [22255]","ps2",
"God Of War II [128570].chd","GOD OF WAR II [128570]","GOD OF WAR II [128570]","ps2",
"God Of War [21899].chd","GOD OF WAR [21899]","GOD OF WAR [21899]","ps2",
"Gradius V (BR) [22764].chd","GRADIUS V (BR)","GRADIUS V (BR)","ps2",
"Ico [21945].chd","ICO [21945]","ICO [21945]","ps2",
"Jackie Chan Adventures [22383].chd","JACKIE CHAN ADVENTURES [22383]","JACKIE CHAN ADVENTURES [22383]","ps2",
"Justice League Heroes (BR) [128451].chd","JUSTICE LEAGUE HEROES (BR)","JUSTICE LEAGUE HEROES (BR)","ps2",
"Klonoa 2 - Lunatea's Veil [22356].chd","KLONOA 2 - LUNATEA'S VEIL [22356]","KLONOA 2 - LUNATEA'S VEIL [22356]","ps2",
"Lego Batman [22024].chd","LEGO BATMAN [22024]","LEGO BATMAN [22024]","ps2",
"Maximo Vs Army Of Zin [22328].chd","MAXIMO VS ARMY OF ZIN [22328]","MAXIMO VS ARMY OF ZIN [22328]","ps2",
"Mega Man X8 [22378].chd","MEGA MAN X8 [22378]","MEGA MAN X8 [22378]","ps2",
"Metal Slug Anthology [22507].chd","METAL SLUG ANTHOLOGY [22507]","METAL SLUG ANTHOLOGY [22507]","ps2",
"Mortal Kombat - Shaolin Monks [22119].chd","MORTAL KOMBAT - SHAOLIN MONKS [22119]","MORTAL KOMBAT - SHAOLIN MONKS [22119]","ps2",
"Need For Speed - Underground 2 [21908].chd","NEED FOR SPEED - UNDERGROUND 2 [21908]","NEED FOR SPEED - UNDERGROUND 2 [21908]","ps2",
"Neo Contra [23060].chd","NEO CONTRA [23060]","NEO CONTRA [23060]","ps2",
"Nicktoons - Attack Of The Toybots (USA) [22988].chd","NICKTOONS - ATTACK OF THE TOYBOTS (USA)","NICKTOONS - ATTACK OF THE TOYBOTS (USA)","ps2",
"Nicktoons - Battle For Volcano Island (USA) [22897].chd","NICKTOONS - BATTLE FOR VOLCANO ISLAND (USA)","NICKTOONS - BATTLE FOR VOLCANO ISLAND (USA)","ps2",
"Onimusha - Warlords [22049].chd","ONIMUSHA - WARLORDS [22049]","ONIMUSHA - WARLORDS [22049]","ps2",
"Sega Ages 2500 Series Vol. 26 - Dynamite Deka [135258].chd","SEGA AGES 2500 SERIES VOL. 26 - DYNAMITE DEKA [135258]","SEGA AGES 2500 SERIES VOL. 26 - DYNAMITE DEKA [135258]","ps2",
"Shadow Of The Colossus [21887].chd","SHADOW OF THE COLOSSUS [21887]","SHADOW OF THE COLOSSUS [21887]","ps2",
"Sly 3 - Honour Among Thieves (BR) [127608].chd","SLY 3 - HONOUR AMONG THIEVES (BR)","SLY 3 - HONOUR AMONG THIEVES (BR)","ps2",
"Sonic Riders Zero Gravity (BR) [22573].chd","SONIC RIDERS ZERO GRAVITY (BR)","SONIC RIDERS ZERO GRAVITY (BR)","ps2",
"Speed Racer (BR) [22901].chd","SPEED RACER (BR)","SPEED RACER (BR)","ps2",
"Spider-Man - Friend Or Foe [22411].chd","SPIDER-MAN - FRIEND OR FOE [22411]","SPIDER-MAN - FRIEND OR FOE [22411]","ps2",
"Spider-Man 2 [22100].chd","SPIDER-MAN 2 [22100]","SPIDER-MAN 2 [22100]","ps2",
"Spongebob Squarepants - Battle For Bikini Bottom (BR) [22951].chd","SPONGEBOB SQUAREPANTS - BATTLE FOR BIKINI BOTTOM (BR)","SPONGEBOB SQUAREPANTS - BATTLE FOR BIKINI BOTTOM (BR)","ps2",
"Teenage Mutant Ninja Turtles (USA) [127237].chd","TEENAGE MUTANT NINJA TURTLES (USA)","TEENAGE MUTANT NINJA TURTLES (USA)","ps2",
"Tekken 5 [21964].chd","TEKKEN 5 [21964]","TEKKEN 5 [21964]","ps2",
"The Incredibles Rise Of The Underminer (BR) [22769].chd","THE INCREDIBLES RISE OF THE UNDERMINER (BR)","THE INCREDIBLES RISE OF THE UNDERMINER (BR)","ps2",
"The Red Star [23326].chd","THE RED STAR [23326]","THE RED STAR [23326]","ps2",
"The Simpsons Hit & Run (BR) [22052].chd","THE SIMPSONS HIT & RUN (BR)","THE SIMPSONS HIT & RUN (BR)","ps2",
"The Warriors [22047].chd","THE WARRIORS [22047]","THE WARRIORS [22047]","ps2",
"Timesplitters - Future Perfect [22041].chd","TIMESPLITTERS - FUTURE PERFECT [22041]","TIMESPLITTERS - FUTURE PERFECT [22041]","ps2",
"True Crime - New York City [22030].chd","TRUE CRIME - NEW YORK CITY [22030]","TRUE CRIME - NEW YORK CITY [22030]","ps2",
"Urban Reign [22586].chd","URBAN REIGN [22586]","URBAN REIGN [22586]","ps2",
"Viewtiful Joe (USA).chd","Viewtiful Joe (USA)","Viewtiful Joe (USA)","ps2",
"X-Men Legends (USA) [22598].chd","X-MEN LEGENDS (USA)","X-MEN LEGENDS (USA)","ps2",
