"005.zip","005","005","fbneo",
"1941 - Counter Attack.zip","1941 - Counter Attack","1941 - Counter Attack","fbneo",
"1942.zip","1942 (Revision B)","1942 (Revision B)","fbneo",
"1943.zip","1943 The Battle of Midway (Euro)","1943 The Battle of Midway (Euro)","fbneo",
"1944 - The Loop Master.zip","1944 - The Loop Master","1944 - The Loop Master","fbneo",
"19Xx - The War Against Destiny.zip","19Xx - The War Against Destiny","19Xx - The War Against Destiny","fbneo",
"2020 Super Baseball.zip","2020 Super Baseball","2020 Super Baseball","fbneo",
"Aero Fighters 2.zip","Aero Fighters 2","Aero Fighters 2","fbneo",
"Aggressors Of Dark Kombat.zip","Aggressors Of Dark Kombat","Aggressors Of Dark Kombat","fbneo",
"Alien Vs.zip","Alien Vs","Alien Vs","fbneo",
"Allproms.zip","Allproms","Allproms","fbneo",
"Alpha Mission Ii.zip","Alpha Mission Ii","Alpha Mission Ii","fbneo",
"Alpine.zip","Alpine Ski (set 1)","Alpine Ski (set 1)","fbneo",
"Amidar.zip","Amidar","Amidar","fbneo",
"Amidarjp.zip","Amidarjp","Amidarjp","fbneo",
"Andro Dunos.zip","Andro Dunos","Andro Dunos","fbneo",
"Anteater.zip","Anteater","Anteater","fbneo",
"Arabian.zip","Arabian","Arabian","fbneo",
"Arkabeta.zip","Arkabeta","Arkabeta","fbneo",
"Arkanoid.zip","Arkanoid (World, oldest rev)","Arkanoid (World, oldest rev)","fbneo",
"Arkbl2.zip","Arkbl2","Arkbl2","fbneo",
"Arknoidu.zip","Arknoidu","Arknoidu","fbneo",
"Armorcar.zip","Armored Car (set 1)","Armored Car (set 1)","fbneo",
"Armored Warriors.Cps2.7z","ARMORED WARRIORS.CPS2","ARMORED WARRIORS.CPS2","fbneo",
"Armored Warriors.zip","Armored Warriors","Armored Warriors","fbneo",
"Art Of Fighting 2.zip","Art Of Fighting 2","Art Of Fighting 2","fbneo",
"Art Of Fighting 3 - The Path Of The Warrior.zip","Art Of Fighting 3 - The Path Of The Warrior","Art Of Fighting 3 - The Path Of The Warrior","fbneo",
"Asteroi2.zip","Asteroi2","Asteroi2","fbneo",
"Astinvad.zip","Astinvad","Astinvad","fbneo",
"Astrob.zip","Astrob","Astrob","fbneo",
"Astrob1.zip","Astrob1","Astrob1","fbneo",
"Astrof.zip","Astrof","Astrof","fbneo",
"Astrof2.zip","Astrof2","Astrof2","fbneo",
"Atetcktl.zip","Atetcktl","Atetcktl","fbneo",
"Atetris.zip","Tetris (set 1)","Tetris (set 1)","fbneo",
"Atlantis.zip","Battle of Atlantis (set 1)","Battle of Atlantis (set 1)","fbneo",
"Bagman.zip","Bagman","Bagman","fbneo",
"Bandido.zip","Bandido","Bandido","fbneo",
"Bang Bead.zip","Bang Bead","Bang Bead","fbneo",
"Baseball Stars 2.zip","Baseball Stars 2","Baseball Stars 2","fbneo",
"Baseball Stars Professional.zip","Baseball Stars Professional","Baseball Stars Professional","fbneo",
"Baseball Stars.zip","Baseball Stars","Baseball Stars","fbneo",
"Battle Circuit.zip","Battle Circuit","Battle Circuit","fbneo",
"Battle Flip Shot.zip","Battle Flip Shot","Battle Flip Shot","fbneo",
"Bctvidbs.zip","BCTVIDBS","BCTVIDBS","fbneo",
"Berzerk1.zip","Berzerk1","Berzerk1","fbneo",
"Blaster.zip","Blaster","Blaster","fbneo",
"Blazing Star.zip","Blazing Star","Blazing Star","fbneo",
"Blktiger.zip","Black Tiger","Black Tiger","fbneo",
"Blockade.zip","Blockade","Blockade","fbneo",
"Blockout (2).zip","Blockout (2)","Blockout (2)","fbneo",
"Blueprnt.zip","Blue Print (Midway)","Blue Print (Midway)","fbneo",
"Blue's Journey.zip","Blue's Journey","Blue's Journey","fbneo",
"Bomberman - Panic Bomber.zip","Bomberman - Panic Bomber","Bomberman - Panic Bomber","fbneo",
"Bombjack.zip","Bomb Jack (set 1)","Bomb Jack (set 1)","fbneo",
"Boothill (2).zip","Boothill (2)","Boothill (2)","fbneo",
"Bosconm.zip","Bosconm","Bosconm","fbneo",
"Breaker's (2).zip","Breaker's (2)","Breaker's (2)","fbneo",
"Brkthrub.zip","Brkthrub","Brkthrub","fbneo",
"Brubber.zip","Burnin' Rubber","Burnin' Rubber","fbneo",
"Brutforc.zip","BRUTFORC","BRUTFORC","fbneo",
"Btime.zip","Burger Time (Data East set 1)","Burger Time (Data East set 1)","fbneo",
"Btimea.zip","Btimea","Btimea","fbneo",
"Btoads.zip","BATTLETOADS","BATTLETOADS","fbneo",
"Bubbles.zip","BUBBLES","BUBBLES","fbneo",
"Bublbobl (2).zip","Bublbobl (2)","Bublbobl (2)","fbneo",
"Bublbobl.zip","BUBBLE BOBBLE (JAPAN, VER 0.1)","BUBBLE BOBBLE (JAPAN, VER 0.1)","fbneo",
"Bubsymph.zip","BUBSYMPH","BUBSYMPH","fbneo",
"Buckrog.zip","BUCK ROGERS PLANET OF ZOOM","BUCK ROGERS PLANET OF ZOOM","fbneo",
"Bucky.zip","BUCKY O'HARE (VER EAB)","BUCKY O'HARE (VER EAB)","fbneo",
"Burnforc.zip","BURNING FORCE (JAPAN, NEW VERSION (REV C))","BURNING FORCE (JAPAN, NEW VERSION (REV C))","fbneo",
"Burning Fight.zip","Burning Fight","Burning Fight","fbneo",
"Bzone.zip","Battle Zone (rev 2)","Battle Zone (rev 2)","fbneo",
"Bzone2.zip","Bzone2","Bzone2","fbneo",
"Cabal.zip","CABAL (WORLD, JOYSTICK)","CABAL (WORLD, JOYSTICK)","fbneo",
"Cadillacs And Dinosaurs.zip","Cadillacs And Dinosaurs","Cadillacs And Dinosaurs","fbneo",
"Calspeed.zip","CALSPEED","CALSPEED","fbneo",
"Canyon.zip","CANYON BOMBER","CANYON BOMBER","fbneo",
"Capbowl.zip","Capcom Bowling (set 1)","Capcom Bowling (set 1)","fbneo",
"Capcom Sports Club.zip","Capcom Sports Club","Capcom Sports Club","fbneo",
"Capcom World 2 - Adventure Quiz.zip","Capcom World 2 - Adventure Quiz","Capcom World 2 - Adventure Quiz","fbneo",
"Capsnka.zip","CAPSNKA","CAPSNKA","fbneo",
"Captain Commando.zip","Captain Commando","Captain Commando","fbneo",
"Captain Tomaday.zip","Captain Tomaday","Captain Tomaday","fbneo",
"Captaven.zip","CAPTAIN AMERICA AND THE AVENGERS (ASIA REV 1.4)","CAPTAIN AMERICA AND THE AVENGERS (ASIA REV 1.4)","fbneo",
"Captcomm.zip","CAPTAIN COMMANDO (911202 WORLD)","CAPTAIN COMMANDO (911202 WORLD)","fbneo",
"Caractn.zip","Caractn","Caractn","fbneo",
"Ccjap.zip","Ccjap","Ccjap","fbneo",
"Cstlevna.zip","CSTLEVNA","CSTLEVNA","fbneo",
"Ctribe.zip","THE COMBATRIBES (US, REV 2, SET 1)","THE COMBATRIBES (US, REV 2, SET 1)","fbneo",
"Cvs2gd.zip","CVS2GD","CVS2GD","fbneo",
"Cyberbots Fullmetal Madness.zip","Cyberbots Fullmetal Madness","Cyberbots Fullmetal Madness","fbneo",
"Cyber-Lip.zip","Cyber-Lip","Cyber-Lip","fbneo",
"Czykong.zip","Czykong","Czykong","fbneo",
"Dangerz.zip","DANGERZ","DANGERZ","fbneo",
"Darius.zip","DARIUS (WORLD)","DARIUS (WORLD)","fbneo",
"Darius2.zip","DARIUS II (TRIPLE SCREEN) (JAPAN)","DARIUS II (TRIPLE SCREEN) (JAPAN)","fbneo",
"Dariusg.zip","DARIUS GAIDEN - SILVER HAWK (VER 2.5O 1994/09/19)","DARIUS GAIDEN - SILVER HAWK (VER 2.5O 1994/09/19)","fbneo",
"Darkplnt.zip","Dark Planet","Dark Planet","fbneo",
"Darkseal.zip","DARK SEAL (WORLD REVISION 3)","DARK SEAL (WORLD REVISION 3)","fbneo",
"Darkstalkers The Night Warriors.zip","Darkstalkers The Night Warriors","Darkstalkers The Night Warriors","fbneo",
"Dbreed.zip","DRAGON BREED (WORLD, M81 HARDWARE)","DRAGON BREED (WORLD, M81 HARDWARE)","fbneo",
"Dbz.zip","DRAGONBALL Z (REV B)","DRAGONBALL Z (REV B)","fbneo",
"Dbz2.zip","DRAGONBALL Z 2 - SUPER BATTLE","DRAGONBALL Z 2 - SUPER BATTLE","fbneo",
"Dbzvrvs.zip","DRAGON BALL Z V.R.V.S. (JAPAN, REV A)","DRAGON BALL Z V.R.V.S. (JAPAN, REV A)","fbneo",
"Dday.zip","D-DAY","D-DAY","fbneo",
"Ddrago3b.zip","DDRAGO3B","DDRAGO3B","fbneo",
"Ddragon.zip","DOUBLE DRAGON (JAPAN)","DOUBLE DRAGON (JAPAN)","fbneo",
"Ddragon2.zip","DOUBLE DRAGON II - THE REVENGE (WORLD)","DOUBLE DRAGON II - THE REVENGE (WORLD)","fbneo",
"Ddribble.zip","DOUBLE DRIBBLE","DOUBLE DRIBBLE","fbneo",
"Ddsom.zip","DUNGEONS & DRAGONS - SHADOW OVER MYSTARA (960619 EURO)","DUNGEONS & DRAGONS - SHADOW OVER MYSTARA (960619 EURO)","fbneo",
"Deadconx.zip","DEAD CONNECTION (WORLD)","DEAD CONNECTION (WORLD)","fbneo",
"Deadeye.zip","DEADEYE","DEADEYE","fbneo",
"Defender (2).zip","Defender (2)","Defender (2)","fbneo",
"Defender.zip","DEFENDER (RED LABEL)","DEFENDER (RED LABEL)","fbneo",
"demonwld.zip","DEMON'S WORLD / HORROR STORY (SET 1)","DEMON'S WORLD / HORROR STORY (SET 1)","fbneo",
"Depthch.zip","DEPTHCH","DEPTHCH","fbneo",
"Destderb.zip","Destderb","Destderb","fbneo",
"Desterth.zip","Desterth","Desterth","fbneo",
"Devilw.zip","DEVIL WORLD","DEVIL WORLD","fbneo",
"Diamond.zip","Diamond Run","Diamond Run","fbneo",
"Digdug2.zip","Dig Dug II (New Ver.)","Dig Dug II (New Ver.)","fbneo",
"Digdugnm.zip","Digdugnm","Digdugnm","fbneo",
"Digger Man.zip","Digger Man","Digger Man","fbneo",
"Dimahoo.Cps2.7z","DIMAHOO.CPS2","DIMAHOO.CPS2","fbneo",
"Dimahoo.zip","Dimahoo (000121 Euro)","Dimahoo (000121 Euro)","fbneo",
"Dinorex.zip","DINO REX (WORLD)","DINO REX (WORLD)","fbneo",
"Dkjrbl.zip","Dkjrbl","Dkjrbl","fbneo",
"Dkjrjp.zip","Dkjrjp","Dkjrjp","fbneo",
"Dkngjrjp.zip","Dkngjrjp","Dkngjrjp","fbneo",
"Dkong.zip","Donkey Kong (US set 1)","Donkey Kong (US set 1)","fbneo",
"Dkong3.zip","Donkey Kong 3 (US)","Donkey Kong 3 (US)","fbneo",
"Dkongjp.zip","Dkongjp","Dkongjp","fbneo",
"Dkongjr.zip","Donkey Kong Junior (US set F-2)","Donkey Kong Junior (US set F-2)","fbneo",
"Doapp.zip","DOAPP","DOAPP","fbneo",
"Docastl2.zip","Docastl2","Docastl2","fbneo",
"Docastle.zip","Mr. Do's Castle (set 1)","Mr. Do's Castle (set 1)","fbneo",
"Dogpatch.zip","DOGPATCH","DOGPATCH","fbneo",
"Domino.zip","Domino Man","Domino Man","fbneo",
"Dominos (2).zip","Dominos (2)","Dominos (2)","fbneo",
"Dominos.zip","DOMINOS","DOMINOS","fbneo",
"Dondokod.zip","DON DOKO DON (WORLD)","DON DOKO DON (WORLD)","fbneo",
"Dorunrun (2).zip","Dorunrun (2)","Dorunrun (2)","fbneo",
"Dorunrun.zip","DO! RUN RUN (SET 1)","DO! RUN RUN (SET 1)","fbneo",
"Dotron.zip","Discs of Tron (Upright, 10/4/83)","Discs of Tron (Upright, 10/4/83)","fbneo",
"Double Dragon.zip","Double Dragon","Double Dragon","fbneo",
"Doubledr.zip","DOUBLE DRAGON (NEO-GEO)","DOUBLE DRAGON (NEO-GEO)","fbneo",
"Dowild.zip","MR. DO'S WILD RIDE","MR. DO'S WILD RIDE","fbneo",
"Drgnbstr.zip","DRAGON BUSTER","DRAGON BUSTER","fbneo",
"Drmario.zip","DRMARIO","DRMARIO","fbneo",
"Dsoccr94.zip","DREAM SOCCER '94 (WORLD, M107 HARDWARE)","DREAM SOCCER '94 (WORLD, M107 HARDWARE)","fbneo",
"Dstlk.zip","DARKSTALKERS - THE NIGHT WARRIORS (940705 EURO)","DARKSTALKERS - THE NIGHT WARRIORS (940705 EURO)","fbneo",
"Dstorm.zip","Dstorm","Dstorm","fbneo",
"Dungeons & Dragons Shadow Over Mystara.zip","Dungeons & Dragons Shadow Over Mystara","Dungeons & Dragons Shadow Over Mystara","fbneo",
"Dungeons & Dragons Tower Of Doom.zip","Dungeons & Dragons Tower Of Doom","Dungeons & Dragons Tower Of Doom","fbneo",
"Dynasty Wars.zip","Dynasty Wars","Dynasty Wars","fbneo",
"Dynduke.zip","DYNAMITE DUKE (EUROPE, 03SEP89)","DYNAMITE DUKE (EUROPE, 03SEP89)","fbneo",
"Earthinv.zip","Earthinv","Earthinv","fbneo",
"Ebases.zip","EBASES","EBASES","fbneo",
"Eco Fighters.zip","Eco Fighters","Eco Fighters","fbneo",
"Edf.zip","E.D.F.  EARTH DEFENSE FORCE (SET 1)","E.D.F.  EARTH DEFENSE FORCE (SET 1)","fbneo",
"Edrandy.zip","THE CLIFFHANGER - EDWARD RANDY (WORLD VER 3)","THE CLIFFHANGER - EDWARD RANDY (WORLD VER 3)","fbneo",
"Eightman.zip","Eight Man (NGM-025)(NGH-025)","Eight Man (NGM-025)(NGH-025)","fbneo",
"Elevatob.zip","Elevatob","Elevatob","fbneo",
"Elevator.zip","ELEVATOR ACTION (BA3, 4 PCB VERSION, 1.1)","ELEVATOR ACTION (BA3, 4 PCB VERSION, 1.1)","fbneo",
"Elim2 (2).zip","Elim2 (2)","Elim2 (2)","fbneo",
"Empcity.zip","EMPIRE CITY 1931 (BOOTLEG)","EMPIRE CITY 1931 (BOOTLEG)","fbneo",
"Eprom.zip","ESCAPE FROM THE PLANET OF THE ROBOT MONSTERS (SET 1)","ESCAPE FROM THE PLANET OF THE ROBOT MONSTERS (SET 1)","fbneo",
"Espial.zip","Espial (Europe)","Espial (Europe)","fbneo",
"Espiale.zip","Espiale","Espiale","fbneo",
"Eswat.zip","E-SWAT - CYBER POLICE (SET 4, WORLD, FD1094 317-0130)","E-SWAT - CYBER POLICE (SET 4, WORLD, FD1094 317-0130)","fbneo",
"Evosocc.zip","EVOSOCC","EVOSOCC","fbneo",
"Excitebk.zip","EXCITEBK","EXCITEBK","fbneo",
"Exedexes.zip","Exed Exes","Exed Exes","fbneo",
"Exerion.zip","Exerion","Exerion","fbneo",
"Exprraid.zip","EXPRESS RAIDER (WORLD, REV 4)","EXPRESS RAIDER (WORLD, REV 4)","fbneo",
"Exterm.zip","EXTERMINATOR","EXTERMINATOR","fbneo",
"Eyes.zip","Eyes (Digitrex Techstar)","Eyes (Digitrex Techstar)","fbneo",
"F1dream.zip","F-1 DREAM","F-1 DREAM","fbneo",
"F1gp2.zip","F-1 GRAND PRIX PART II","F-1 GRAND PRIX PART II","fbneo",
"Faceoff.zip","FACE OFF (JAPAN 2 PLAYERS)","FACE OFF (JAPAN 2 PLAYERS)","fbneo",
"Fantasy.zip","Fantasy","Fantasy","fbneo",
"Farwest.zip","Farwest","Farwest","fbneo",
"Fatal Fury - King Of Fighters.zip","Fatal Fury - King Of Fighters","Fatal Fury - King Of Fighters","fbneo",
"Fatal Fury 2.zip","Fatal Fury 2","Fatal Fury 2","fbneo",
"Fatal Fury 3 - Road To The Final Victory.zip","Fatal Fury 3 - Road To The Final Victory","Fatal Fury 3 - Road To The Final Victory","fbneo",
"Fatal Fury Special.zip","Fatal Fury Special","Fatal Fury Special","fbneo",
"Fatfursa.zip","FATFURSA","FATFURSA","fbneo",
"Fatfury1.zip","FATAL FURY - KING OF FIGHTERS / GAROU DENSETSU - SHUKUMEI NO TATAKAI (NGM-033)(NGH-033)","FATAL FURY - KING OF FIGHTERS / GAROU DENSETSU - SHUKUMEI NO TATAKAI (NGM-033)(NGH-033)","fbneo",
"Fatfury2.zip","FATAL FURY 2 / GAROU DENSETSU 2 - ARATA-NARU TATAKAI (NGM-047)(NGH-047)","FATAL FURY 2 / GAROU DENSETSU 2 - ARATA-NARU TATAKAI (NGM-047)(NGH-047)","fbneo",
"Fatfury3.zip","FATAL FURY 3 - ROAD TO THE FINAL VICTORY / GAROU DENSETSU 3 - HARUKA-NARU TATAKAI (NGM-069)(NGH-069)","FATAL FURY 3 - ROAD TO THE FINAL VICTORY / GAROU DENSETSU 3 - HARUKA-NARU TATAKAI (NGM-069)(NGH-069)","fbneo",
"Ffight.zip","Final Fight (World, set 1)","Final Fight (World, set 1)","fbneo",
"Fghtatck.zip","FIGHTER & ATTACKER (US)","FIGHTER & ATTACKER (US)","fbneo",
"Fghthist.zip","FIGHTER'S HISTORY (WORLD VER 43-09, DE-0395-1 PCB)","FIGHTER'S HISTORY (WORLD VER 43-09, DE-0395-1 PCB)","fbneo",
"Fight Fever.zip","Fight Fever","Fight Fever","fbneo",
"Fighter-S History - Karnov-S.zip","FIGHTER-S HISTORY - KARNOV-S","FIGHTER-S HISTORY - KARNOV-S","fbneo",
"Final Fight.zip","Final Fight","Final Fight","fbneo",
"Finalb.zip","FINAL BLOW (WORLD)","FINAL BLOW (WORLD)","fbneo",
"Fireone.zip","FIREONE","FIREONE","fbneo",
"Fireshrk.zip","FIRE SHARK","FIRE SHARK","fbneo",
"Firetpbl.zip","Firetpbl","Firetpbl","fbneo",
"Firetrap.zip","Fire Trap (US, rev A)","Fire Trap (US, rev A)","fbneo",
"Fitegolf.zip","LEE TREVINO'S FIGHTING GOLF (WORLD)","LEE TREVINO'S FIGHTING GOLF (WORLD)","fbneo",
"Fitfight.zip","FITFIGHT","FITFIGHT","fbneo",
"Flicky.zip","FLICKY (128K VERSION, 315-5051)","FLICKY (128K VERSION, 315-5051)","fbneo",
"Flipshot.zip","Battle Flip Shot","Battle Flip Shot","fbneo",
"Flyboy.zip","Fly-Boy","Fly-Boy","fbneo",
"Foodf (2).zip","Foodf (2)","Foodf (2)","fbneo",
"Foodf.zip","FOOD FIGHT (REV 3)","FOOD FIGHT (REV 3)","fbneo",
"Football Frenzy.zip","Football Frenzy","Football Frenzy","fbneo",
"Footchmp.zip","FOOTBALL CHAMP (WORLD)","FOOTBALL CHAMP (WORLD)","fbneo",
"Forgotten Worlds.zip","Forgotten Worlds","Forgotten Worlds","fbneo",
"Fredmem.zip","FREDMEM","FREDMEM","fbneo",
"Frenzy.zip","Frenzy (revision RA1)","Frenzy (revision RA1)","fbneo",
"Frenzy1.zip","Frenzy1","Frenzy1","fbneo",
"Friskyt (2).zip","Friskyt (2)","Friskyt (2)","fbneo",
"Friskyt.zip","FRISKY TOM (SET 1)","FRISKY TOM (SET 1)","fbneo",
"Frogger.zip","Frogger","Frogger","fbneo",
"Frogger2.zip","Frogger2","Frogger2","fbneo",
"Frogsega.zip","Frogsega","Frogsega","fbneo",
"Frontlin.zip","Front Line (set 1)","Front Line (set 1)","fbneo",
"Fround.zip","THE FINAL ROUND (VER. M)","THE FINAL ROUND (VER. M)","fbneo",
"Funkyjet.zip","FUNKY JET (WORLD, REV 1)","FUNKY JET (WORLD, REV 1)","fbneo",
"Futspy.zip","Future Spy","Future Spy","fbneo",
"Ga2.zip","GOLDEN AXE THE REVENGE OF DEATH ADDER (WORLD, REV B)","GOLDEN AXE THE REVENGE OF DEATH ADDER (WORLD, REV B)","fbneo",
"Galaga.zip","Galaga (Namco rev. B)","Galaga (Namco rev. B)","fbneo",
"Galagab2.zip","Galagab2","Galagab2","fbneo",
"Galagabl.zip","Galagabl","Galagabl","fbneo",
"Galaganm.zip","Galaganm","Galaganm","fbneo",
"Galaxian.zip","Galaxian (Namco set 1)","Galaxian (Namco set 1)","fbneo",
"Galaxy Fight - Universal Warriors.zip","Galaxy Fight - Universal Warriors","Galaxy Fight - Universal Warriors","fbneo",
"Galmidw.zip","Galmidw","Galmidw","fbneo",
"Galnamco.zip","Galnamco","Galnamco","fbneo",
"Galxwars.zip","Galxwars","Galxwars","fbneo",
"Gangwars.zip","GANG WARS","GANG WARS","fbneo",
"Ganryu.zip","GANRYU / MUSASHI GANRYUKI","GANRYU / MUSASHI GANRYUKI","fbneo",
"Garou - Mark Of The Wolves.zip","Garou - Mark Of The Wolves","Garou - Mark Of The Wolves","fbneo",
"Garou.zip","GAROU - MARK OF THE WOLVES (NGM-2530)","GAROU - MARK OF THE WOLVES (NGM-2530)","fbneo",
"Garyoret.zip","GARYO RETSUDEN (JAPAN)","GARYO RETSUDEN (JAPAN)","fbneo",
"Gaunt2.zip","GAUNTLET II","GAUNTLET II","fbneo",
"Gaunt2p.zip","Gaunt2p","Gaunt2p","fbneo",
"Gaunt2pg.zip","GAUNT2PG","GAUNT2PG","fbneo",
"Gauntir1.zip","Gauntir1","Gauntir1","fbneo",
"Gauntir2.zip","Gauntir2","Gauntir2","fbneo",
"Gauntlet.zip","Gauntlet (rev 14)","Gauntlet (rev 14)","fbneo",
"Gberet.zip","GREEN BERET","GREEN BERET","fbneo",
"Gemini.zip","Gemini Wing (World)","Gemini Wing (World)","fbneo",
"Genpeitd.zip","GENPEI TOUMADEN","GENPEI TOUMADEN","fbneo",
"Ggxxac.zip","GGXXAC","GGXXAC","fbneo",
"Ghost Pilots.zip","Ghost Pilots","Ghost Pilots","fbneo",
"Ghostb.zip","THE REAL GHOSTBUSTERS (US 2 PLAYERS, REVISION 2)","THE REAL GHOSTBUSTERS (US 2 PLAYERS, REVISION 2)","fbneo",
"Ghostlop.zip","Ghostlop (prototype)","Ghostlop (prototype)","fbneo",
"Ghouls.zip","GHOULS'N GHOSTS (WORLD)","GHOULS'N GHOSTS (WORLD)","fbneo",
"Giga Wing.zip","Giga Wing","Giga Wing","fbneo",
"Gijoe.zip","G.I. JOE (WORLD, EAB, SET 1)","G.I. JOE (WORLD, EAB, SET 1)","fbneo",
"Gimeabrk.zip","GIMEABRK","GIMEABRK","fbneo",
"Ginkun.zip","GANBARE GINKUN","GANBARE GINKUN","fbneo",
"Gladiatr.zip","GLADIATOR (US)","GLADIATOR (US)","fbneo",
"Gmissile.zip","GMISSILE","GMISSILE","fbneo",
"Gng.zip","Ghosts'n Goblins (World set 1)","Ghosts'n Goblins (World set 1)","fbneo",
"Gngcross.zip","Gngcross","Gngcross","fbneo",
"Gngjap.zip","Gngjap","Gngjap","fbneo",
"Goal! Goal! Goal!.zip","Goal! Goal! Goal!","Goal! Goal! Goal!","fbneo",
"Goalx3.zip","GOAL! GOAL! GOAL!","GOAL! GOAL! GOAL!","fbneo",
"Goldnaxe.zip","GOLDEN AXE (SET 6, US, 8751 317-123A)","GOLDEN AXE (SET 6, US, 8751 317-123A)","fbneo",
"Gorf.zip","Gorf","Gorf","fbneo",
"Gorfpgm1.zip","Gorfpgm1","Gorfpgm1","fbneo",
"Gowcaizer.zip","Gowcaizer","Gowcaizer","fbneo",
"Gradius3.zip","GRADIUS III (WORLD, PROGRAM CODE R)","GRADIUS III (WORLD, PROGRAM CODE R)","fbneo",
"Great Hahou Daisakusen.zip","Great Hahou Daisakusen","Great Hahou Daisakusen","fbneo",
"Gridiron.zip","GRIDIRON","GRIDIRON","fbneo",
"Growl.zip","GROWL (WORLD, REV 1)","GROWL (WORLD, REV 1)","fbneo",
"Gtmr.zip","1000 MIGLIA GREAT 1000 MILES RALLY (TAIWAN 94/07/18)","1000 MIGLIA GREAT 1000 MILES RALLY (TAIWAN 94/07/18)","fbneo",
"Gulfstrm.zip","GULF STORM (SET 1)","GULF STORM (SET 1)","fbneo",
"Gundealr.zip","Gundealr","Gundealr","fbneo",
"Gundhara.zip","GUNDHARA","GUNDHARA","fbneo",
"Gunforc2.zip","GUNFORCE 2 (US)","GUNFORCE 2 (US)","fbneo",
"Gunsmoke.zip","Gun.Smoke (World, 851115)","Gun.Smoke (World, 851115)","fbneo",
"Gunsmokj.zip","Gunsmokj","Gunsmokj","fbneo",
"Gunsmrom.zip","Gunsmrom","Gunsmrom","fbneo",
"Gururin.zip","Gururin","Gururin","fbneo",
"Guzzler.zip","Guzzler","Guzzler","fbneo",
"Gwarrior.zip","GALACTIC WARRIORS","GALACTIC WARRIORS","fbneo",
"Gypsyjug.zip","GYPSYJUG","GYPSYJUG","fbneo",
"Gyruss.zip","Gyruss","Gyruss","fbneo",
"Hachoo.zip","HACHOO!","HACHOO!","fbneo",
"Hamburge.zip","Hamburge","Hamburge","fbneo",
"Hangon.zip","HANG-ON (REV A)","HANG-ON (REV A)","fbneo",
"Hardhat.zip","HARDHAT","HARDHAT","fbneo",
"Hatris.zip","HATRIS (US)","HATRIS (US)","fbneo",
"Hbarrel.zip","Heavy Barrel (World)","Heavy Barrel (World)","fbneo",
"Hcastle.zip","HAUNTED CASTLE (VER. M)","HAUNTED CASTLE (VER. M)","fbneo",
"Headon.zip","HEAD ON (2 PLAYERS)","HEAD ON (2 PLAYERS)","fbneo",
"Headon2.zip","HEADON2","HEADON2","fbneo",
"Heatbrl.zip","HEATED BARREL (WORLD VERSION 3)","HEATED BARREL (WORLD VERSION 3)","fbneo",
"Hexa.zip","Hexa","Hexa","fbneo",
"Hharry.zip","HAMMERIN' HARRY (WORLD, M81 HARDWARE))","HAMMERIN' HARRY (WORLD, M81 HARDWARE))","fbneo",
"Hiimpact.zip","HIGH IMPACT FOOTBALL (REV LA5 02/15/91)","HIGH IMPACT FOOTBALL (REV LA5 02/15/91)","fbneo",
"Lgtnfght.zip","LIGHTNING FIGHTERS (WORLD)","LIGHTNING FIGHTERS (WORLD)","fbneo",
"Liberatr.zip","Liberatr","Liberatr","fbneo",
"Lkage.zip","THE LEGEND OF KAGE","THE LEGEND OF KAGE","fbneo",
"Llander.zip","Lunar Lander (rev 2)","Lunar Lander (rev 2)","fbneo",
"Lnc.zip","Lock'n'Chase","Lock'n'Chase","fbneo",
"Locomotn.zip","Loco-Motion","Loco-Motion","fbneo",
"Lomakai.zip","LEGEND OF MAKAI (WORLD)","LEGEND OF MAKAI (WORLD)","fbneo",
"Losttomb.zip","Lost Tomb (Easy)","Lost Tomb (Easy)","fbneo",
"Lottofun.zip","Lotto Fun","Lotto Fun","fbneo",
"Lrescue.zip","Lrescue","Lrescue","fbneo",
"Lrunner.zip","Lrunner","Lrunner","fbneo",
"Luckywld.zip","LUCKY & WILD","LUCKY & WILD","fbneo",
"Lupin3.zip","Lupin3","Lupin3","fbneo",
"Lwings.zip","Legendary Wings (US set 1)","Legendary Wings (US set 1)","fbneo",
"Lwingsjp.zip","Lwingsjp","Lwingsjp","fbneo",
"Mach3.zip","Mach3","Mach3","fbneo",
"Madcrash.zip","MAD CRASHER","MAD CRASHER","fbneo",
"Magic Sword - Heroic Fantasy.zip","Magic Sword - Heroic Fantasy","Magic Sword - Heroic Fantasy","fbneo",
"Magical Drop Ii.zip","Magical Drop Ii","Magical Drop Ii","fbneo",
"Magical Drop Iii.zip","Magical Drop Iii","Magical Drop Iii","fbneo",
"Magician Lord.zip","Magician Lord","Magician Lord","fbneo",
"Mainevt.zip","THE MAIN EVENT (4 PLAYERS VER. Y)","THE MAIN EVENT (4 PLAYERS VER. Y)","fbneo",
"Majorh.zip","Majorh","Majorh","fbneo",
"Majtitl2.zip","MAJOR TITLE 2 (WORLD)","MAJOR TITLE 2 (WORLD)","fbneo",
"Maniach.zip","Mania Challenge (set 1)","Mania Challenge (set 1)","fbneo",
"Mappy.zip","Mappy (US)","Mappy (US)","fbneo",
"Mappyjp.zip","Mappyjp","Mappyjp","fbneo",
"Marble (2).zip","Marble (2)","Marble (2)","fbneo",
"Marble.zip","MARBLE","MARBLE","fbneo",
"Marble2.zip","Marble2","Marble2","fbneo",
"Marblea.zip","Marblea","Marblea","fbneo",
"Mario.zip","MARIO BROS. (US, REVISION G)","MARIO BROS. (US, REVISION G)","fbneo",
"Hippodrm.zip","HIPPODROME (US)","HIPPODROME (US)","fbneo",
"Hitice.zip","HIT THE ICE (US)","HIT THE ICE (US)","fbneo",
"Hitnmiss.zip","HITNMISS","HITNMISS","fbneo",
"Hook.zip","HOOK (WORLD)","HOOK (WORLD)","fbneo",
"Hotgmck.zip","TAISEN HOT GIMMICK (JAPAN)","TAISEN HOT GIMMICK (JAPAN)","fbneo",
"Hunchy.zip","Hunchy","Hunchy","fbneo",
"Hustle.zip","HUSTLE","HUSTLE","fbneo",
"Hustler.zip","Video Hustler","Video Hustler","fbneo",
"Hwchamp.zip","HEAVYWEIGHT CHAMP (SET 1)","HEAVYWEIGHT CHAMP (SET 1)","fbneo",
"Hydra.zip","HYDRA","HYDRA","fbneo",
"Hypersp.zip","Hypersp","Hypersp","fbneo",
"Hyperspt.zip","HYPER SPORTS","HYPER SPORTS","fbneo",
"Ikari3.zip","IKARI III - THE RESCUE (8-WAY JOYSTICK)","IKARI III - THE RESCUE (8-WAY JOYSTICK)","fbneo",
"Imsorry.zip","I'M SORRY (315-5110, US)","I'M SORRY (315-5110, US)","fbneo",
"Indyheat.zip","INDYHEAT","INDYHEAT","fbneo",
"Indytemp.zip","INDYTEMP","INDYTEMP","fbneo",
"Intcup94.zip","INTERNATIONAL CUP '94 (VER 2.2O 1994/05/26)","INTERNATIONAL CUP '94 (VER 2.2O 1994/05/26)","fbneo",
"Inthunt.zip","IN THE HUNT (WORLD)","IN THE HUNT (WORLD)","fbneo",
"Invaders.zip","Space Invaders / Space Invaders M","Space Invaders / Space Invaders M","fbneo",
"Invadpt2.zip","Invadpt2","Invadpt2","fbneo",
"Invdelux.zip","Invdelux","Invdelux","fbneo",
"Invds.zip","Invds","Invds","fbneo",
"Invho2.zip","Invho2","Invho2","fbneo",
"Invinco.zip","Invinco","Invinco","fbneo",
"Invrvnge.zip","Invrvnge","Invrvnge","fbneo",
"Irobot (2).zip","Irobot (2)","Irobot (2)","fbneo",
"Irobot.zip","IROBOT","IROBOT","fbneo",
"Ironhors.zip","IRON HORSE","IRON HORSE","fbneo",
"Irritating Maze, The.zip","Irritating Maze, The","Irritating Maze, The","fbneo",
"Jack.zip","Jack the Giantkiller (set 1)","Jack the Giantkiller (set 1)","fbneo",
"Jailbrek.zip","JAIL BREAK","JAIL BREAK","fbneo",
"Japirem.zip","Japirem","Japirem","fbneo",
"Jbugsega.zip","Jbugsega","Jbugsega","fbneo",
"Jedi.zip","RETURN OF THE JEDI","RETURN OF THE JEDI","fbneo",
"Jhunt.zip","Jhunt","Jhunt","fbneo",
"Jjack.zip","Jumping Jack","Jumping Jack","fbneo",
"Journey.zip","Journey","Journey","fbneo",
"Joust.zip","JOUST (WHITE/GREEN LABEL)","JOUST (WHITE/GREEN LABEL)","fbneo",
"Joustg.zip","Joustg","Joustg","fbneo",
"Joustwr.zip","Joustwr","Joustwr","fbneo",
"Jrpacman.zip","Jr. Pac-Man (11/9/83)","Jr. Pac-Man (11/9/83)","fbneo",
"Jumpbug.zip","Jump Bug","Jump Bug","fbneo",
"Jumpcoas.zip","Jump Coaster (World)","Jump Coaster (World)","fbneo",
"Junglek.zip","Jungle King (Japan)","Jungle King (Japan)","fbneo",
"Jungler.zip","Jungler","Jungler","fbneo",
"Junofrst.zip","Juno First","Juno First","fbneo",
"Kabuki Klash - Far East Of Eden.zip","Kabuki Klash - Far East Of Eden","Kabuki Klash - Far East Of Eden","fbneo",
"Kaiserkn.zip","KAISER KNUCKLE (VER 2.1O 1994/07/29)","KAISER KNUCKLE (VER 2.1O 1994/07/29)","fbneo",
"Kamikaze.zip","Kamikaze","Kamikaze","fbneo",
"Kangaroo.zip","Kangaroo","Kangaroo","fbneo",
"Kaos.zip","Kaos","Kaos","fbneo",
"Karatblz.zip","KARATE BLAZERS (WORLD, SET 1)","KARATE BLAZERS (WORLD, SET 1)","fbneo",
"Karianx.zip","KARIAN CROSS (REV. 1.0)","KARIAN CROSS (REV. 1.0)","fbneo",
"Karnov.zip","KARNOV (US, REV 6)","KARNOV (US, REV 6)","fbneo",
"Kbash.zip","KNUCKLE BASH","KNUCKLE BASH","fbneo",
"Kick.zip","Kick (upright)","Kick (upright)","fbneo",
"Kicknrun.zip","KICK AND RUN (WORLD)","KICK AND RUN (WORLD)","fbneo",
"Kickridr.zip","KICK RIDER","KICK RIDER","fbneo",
"Kidniki.zip","KID NIKI - RADICAL NINJA (WORLD)","KID NIKI - RADICAL NINJA (WORLD)","fbneo",
"Killcom.zip","KILLCOM","KILLCOM","fbneo",
"King Of Dragons, The.zip","King Of Dragons, The","King Of Dragons, The","fbneo",
"King Of Fighters 2000, The.zip","King Of Fighters 2000, The","King Of Fighters 2000, The","fbneo",
"King Of Fighters 2001,The.zip","King Of Fighters 2001,The","King Of Fighters 2001,The","fbneo",
"King Of Fighters 2002 - Challenge To Ultimate Battle, The.zip","King Of Fighters 2002 - Challenge To Ultimate Battle, The","King Of Fighters 2002 - Challenge To Ultimate Battle, The","fbneo",
"King Of Fighters '94, The.zip","King Of Fighters '94, The","King Of Fighters '94, The","fbneo",
"King Of Fighters '95, The.zip","King Of Fighters '95, The","King Of Fighters '95, The","fbneo",
"King Of Fighters '96, The.zip","King Of Fighters '96, The","King Of Fighters '96, The","fbneo",
"King Of Fighters '97 Plus, The.zip","King Of Fighters '97 Plus, The","King Of Fighters '97 Plus, The","fbneo",
"King Of Fighters '97, The.zip","King Of Fighters '97, The","King Of Fighters '97, The","fbneo",
"King Of Fighters '98 - The Slugfest, The.zip","King Of Fighters '98 - The Slugfest, The","King Of Fighters '98 - The Slugfest, The","fbneo",
"King Of Fighters '99 - Millennium Battle, The.zip","King Of Fighters '99 - Millennium Battle, The","King Of Fighters '99 - Millennium Battle, The","fbneo",
"King Of The Monsters.zip","King Of The Monsters","King Of The Monsters","fbneo",
"Kinst.zip","KINST","KINST","fbneo",
"Kizuna Encounter - Super Tag Battle.zip","Kizuna Encounter - Super Tag Battle","Kizuna Encounter - Super Tag Battle","fbneo",
"Kizuna.zip","KIZUNA ENCOUNTER - SUPER TAG BATTLE / FU'UN SUPER TAG BATTLE","KIZUNA ENCOUNTER - SUPER TAG BATTLE / FU'UN SUPER TAG BATTLE","fbneo",
"Klax.zip","KLAX (VERSION 6)","KLAX (VERSION 6)","fbneo",
"Knckhead.zip","KNUCKLE HEADS (WORLD)","KNUCKLE HEADS (WORLD)","fbneo",
"Knights Of The Round.zip","Knights Of The Round","Knights Of The Round","fbneo",
"Kof2002.zip","THE KING OF FIGHTERS 2002 (NGM-2650)(NGH-2650)","THE KING OF FIGHTERS 2002 (NGM-2650)(NGH-2650)","fbneo",
"Kof2003.zip","THE KING OF FIGHTERS 2003 (NGM-2710)","THE KING OF FIGHTERS 2003 (NGM-2710)","fbneo",
"Kof95.zip","THE KING OF FIGHTERS '95 (NGM-084)","THE KING OF FIGHTERS '95 (NGM-084)","fbneo",
"Kof96.zip","THE KING OF FIGHTERS '96 (NGM-214)","THE KING OF FIGHTERS '96 (NGM-214)","fbneo",
"Kof97.zip","THE KING OF FIGHTERS '97 (NGM-2320)","THE KING OF FIGHTERS '97 (NGM-2320)","fbneo",
"Konamigt.zip","KONAMI GT","KONAMI GT","fbneo",
"Kroozr.zip","Kozmik Kroozr","Kozmik Kroozr","fbneo",
"Krull.zip","Krull","Krull","fbneo",
"Kungfum.zip","KUNG-FU MASTER","KUNG-FU MASTER","fbneo",
"Kurikint.zip","KURI KINTON (WORLD)","KURI KINTON (WORLD)","fbneo",
"Kyukaidk.zip","KYUUKAI DOUCHUUKI (JAPAN, NEW VERSION (REV B))","KYUUKAI DOUCHUUKI (JAPAN, NEW VERSION (REV B))","fbneo",
"Ladybug.zip","Lady Bug","Lady Bug","fbneo",
"Last Blade 2, The.zip","Last Blade 2, The","Last Blade 2, The","fbneo",
"Last Blade, The.zip","Last Blade, The","Last Blade, The","fbneo",
"Last Resort.zip","Last Resort","Last Resort","fbneo",
"Lastblad.zip","THE LAST BLADE / BAKUMATSU ROMAN - GEKKA NO KENSHI (NGM-2340)","THE LAST BLADE / BAKUMATSU ROMAN - GEKKA NO KENSHI (NGM-2340)","fbneo",
"Lazercmd.zip","LAZERCMD","LAZERCMD","fbneo",
"Ldrun.zip","LODE RUNNER (SET 1)","LODE RUNNER (SET 1)","fbneo",
"Ldrun4.zip","LODE RUNNER IV - TEIKOKU KARANO DASSHUTSU","LODE RUNNER IV - TEIKOKU KARANO DASSHUTSU","fbneo",
"Le2.zip","LE2","LE2","fbneo",
"League Bowling.zip","League Bowling","League Bowling","fbneo",
"Legend Of Success Joe.zip","Legend Of Success Joe","Legend Of Success Joe","fbneo",
"Legionna.zip","LEGIONNAIRE (WORLD)","LEGIONNAIRE (WORLD)","fbneo",
"Leprechn.zip","LEPRECHN","LEPRECHN","fbneo",
"Lethalen.zip","LETHAL ENFORCERS (VER UAE, 11/19/92 1504)","LETHAL ENFORCERS (VER UAE, 11/19/92 1504)","fbneo",
"Mars Matrix Hyper Solid Shooting.zip","Mars Matrix Hyper Solid Shooting","Mars Matrix Hyper Solid Shooting","fbneo",
"Marvel Super Heroes.zip","Marvel Super Heroes","Marvel Super Heroes","fbneo",
"Masterw.zip","MASTER OF WEAPON (WORLD)","MASTER OF WEAPON (WORLD)","fbneo",
"Matmania.zip","Mat Mania","Mat Mania","fbneo",
"Maxforce.zip","MAXFORCE","MAXFORCE","fbneo",
"Mayday.zip","MAYDAY (SET 1)","MAYDAY (SET 1)","fbneo",
"Mayhem.zip","MAYHEM","MAYHEM","fbneo",
"Maze.zip","Maze","Maze","fbneo",
"Mazinger.zip","MAZINGER Z (WORLD, VER. 94/06/27)","MAZINGER Z (WORLD, VER. 94/06/27)","fbneo",
"Mbombrd.zip","Muscle Bomber Duo - ultimate team battle (931206 World)","Muscle Bomber Duo - ultimate team battle (931206 World)","fbneo",
"Medlanes.zip","MEDLANES","MEDLANES","fbneo",
"Mega Man 2 The Power Fighters.zip","Mega Man 2 The Power Fighters","Mega Man 2 The Power Fighters","fbneo",
"Mega Twins.zip","Mega Twins","Mega Twins","fbneo",
"Megaman - The Power Battle.zip","Megaman - The Power Battle","Megaman - The Power Battle","fbneo",
"Megatack.zip","MEGATACK","MEGATACK","fbneo",
"Mercs.zip","Mercs (900302 etc)","Mercs (900302 etc)","fbneo",
"Metal Slug 2 - Super Vehicle-001 Ii.zip","Metal Slug 2 - Super Vehicle-001 Ii","Metal Slug 2 - Super Vehicle-001 Ii","fbneo",
"Metal Slug 3.zip","Metal Slug 3","Metal Slug 3","fbneo",
"Metal Slug 4 Plus.zip","Metal Slug 4 Plus","Metal Slug 4 Plus","fbneo",
"Metal Slug 4.zip","Metal Slug 4","Metal Slug 4","fbneo",
"Metal Slug 5.zip","Metal Slug 5","Metal Slug 5","fbneo",
"Metal Slug X - Super Vehicle-001.zip","Metal Slug X - Super Vehicle-001","Metal Slug X - Super Vehicle-001","fbneo",
"Metalb.zip","METAL BLACK (WORLD)","METAL BLACK (WORLD)","fbneo",
"Metrocrs.zip","METRO-CROSS (SET 1)","METRO-CROSS (SET 1)","fbneo",
"Mhavoc (2).zip","Mhavoc (2)","Mhavoc (2)","fbneo",
"Mia.zip","M.I.A. - MISSING IN ACTION (VERSION T)","M.I.A. - MISSING IN ACTION (VERSION T)","fbneo",
"Midres.zip","MIDNIGHT RESISTANCE (WORLD, SET 1)","MIDNIGHT RESISTANCE (WORLD, SET 1)","fbneo",
"Mighty! Pang.Cps2.7z","MIGHTY! PANG.CPS2","MIGHTY! PANG.CPS2","fbneo",
"Mighty! Pang.zip","Mighty! Pang","Mighty! Pang","fbneo",
"Mikie.zip","Mikie","Mikie","fbneo",
"Milliped.zip","Millipede","Millipede","fbneo",
"Minefld.zip","Minefield","Minefield","fbneo",
"Minigolf.zip","MINIGOLF","MINIGOLF","fbneo",
"Mirninja.zip","MIRAI NINJA (JAPAN, SET 1)","MIRAI NINJA (JAPAN, SET 1)","fbneo",
"Missile.zip","MISSILE COMMAND (REV 3)","MISSILE COMMAND (REV 3)","fbneo",
"Mk.zip","MORTAL KOMBAT (REV 5.0 T-UNIT 03/19/93)","MORTAL KOMBAT (REV 5.0 T-UNIT 03/19/93)","fbneo",
"Mk2.zip","MORTAL KOMBAT II (REV L3.1)","MORTAL KOMBAT II (REV L3.1)","fbneo",
"Mk3.zip","MORTAL KOMBAT 3 (REV 2.1)","MORTAL KOMBAT 3 (REV 2.1)","fbneo",
"Mk4.zip","MK4","MK4","fbneo",
"Mmaze.zip","MARCHEN MAZE (JAPAN)","MARCHEN MAZE (JAPAN)","fbneo",
"Money Puzzle Exchanger.zip","Money Puzzle Exchanger","Money Puzzle Exchanger","fbneo",
"Monkeyd.zip","Monkeyd","Monkeyd","fbneo",
"Monsterb.zip","Monsterb","Monsterb","fbneo",
"Monymony.zip","Monymony","Monymony","fbneo",
"Moo.zip","MOO","MOO","fbneo",
"Moomesa.zip","WILD WEST C.O.W.-BOYS OF MOO MESA (VER EAB)","WILD WEST C.O.W.-BOYS OF MOO MESA (VER EAB)","fbneo",
"Moonal2.zip","Moon Alien Part 2","Moon Alien Part 2","fbneo",
"Mooncrsg.zip","Mooncrsg","Mooncrsg","fbneo",
"Mooncrst.zip","Moon Cresta (Nichibutsu)","Moon Cresta (Nichibutsu)","fbneo",
"Moonqsr.zip","Moon Quasar","Moon Quasar","fbneo",
"Motos.zip","Motos","Motos","fbneo",
"Mp_Sonic.zip","MP_SONIC","MP_SONIC","fbneo",
"Mpatrol (2).zip","Mpatrol (2)","Mpatrol (2)","fbneo",
"Mplanets.zip","Mad Planets","Mad Planets","fbneo",
"Mrdo.zip","Mr. Do!","Mr. Do!","fbneo",
"Mrdrillr.zip","MRDRILLR","MRDRILLR","fbneo",
"Msh.zip","MARVEL SUPER HEROES (951024 EURO)","MARVEL SUPER HEROES (951024 EURO)","fbneo",
"Mshvsf.zip","MARVEL SUPER HEROES VS STREET FIGHTER (970625 EURO)","MARVEL SUPER HEROES VS STREET FIGHTER (970625 EURO)","fbneo",
"Mslug3.zip","METAL SLUG 3 (NGM-2560)","METAL SLUG 3 (NGM-2560)","fbneo",
"Mslug5.zip","METAL SLUG 5 (NGM-2680)","METAL SLUG 5 (NGM-2680)","fbneo",
"Mslug6.zip","MSLUG6","MSLUG6","fbneo",
"Mslugx.zip","METAL SLUG X - SUPER VEHICLE-001 (NGM-2500)(NGH-2500)","METAL SLUG X - SUPER VEHICLE-001 (NGM-2500)(NGH-2500)","fbneo",
"Mspacatk.zip","Mspacatk","Mspacatk","fbneo",
"Mspacman.zip","MS Pacman","MS Pacman","fbneo",
"Mtrap.zip","MTRAP","MTRAP","fbneo",
"Mtwins.zip","Mega Twins (chiki chiki boys 900619 etc)","Mega Twins (chiki chiki boys 900619 etc)","fbneo",
"Mutation Nation.zip","Mutation Nation","Mutation Nation","fbneo",
"Mvsc2.zip","MVSC2","MVSC2","fbneo",
"Mwalk.zip","MICHAEL JACKSON'S MOONWALKER (SET 3, WORLD, FD1094/8751 317-0159)","MICHAEL JACKSON'S MOONWALKER (SET 3, WORLD, FD1094/8751 317-0159)","fbneo",
"Myhero.zip","MY HERO (US, NOT ENCRYPTED)","MY HERO (US, NOT ENCRYPTED)","fbneo",
"Mystston.zip","Mysterious Stones - Dr. John's Adventure","Mysterious Stones - Dr. John's Adventure","fbneo",
"Mystwarr.zip","MYSTIC WARRIORS (VER EAA)","MYSTIC WARRIORS (VER EAA)","fbneo",
"Nam-1975.zip","Nam-1975","Nam-1975","fbneo",
"Namcopac.zip","Namcopac","Namcopac","fbneo",
"Narc.zip","NARC (REV 7.00)","NARC (REV 7.00)","fbneo",
"Nastar.zip","NASTAR (WORLD)","NASTAR (WORLD)","fbneo",
"Naughtyb.zip","Naughty Boy","Naughty Boy","fbneo",
"Nbahangt.zip","NBA HANGTIME (VER L1.3 10/10/96)","NBA HANGTIME (VER L1.3 10/10/96)","fbneo",
"Nbajam.zip","NBA JAM (REV 3.01 4/07/93)","NBA JAM (REV 3.01 4/07/93)","fbneo",
"Nbbatman.zip","NINJA BASEBALL BATMAN (WORLD)","NINJA BASEBALL BATMAN (WORLD)","fbneo",
"Nemesis.zip","Nemesis (ROM version)","Nemesis (ROM version)","fbneo",
"Nemo.zip","Nemo (90 11 30 etc)","Nemo (90 11 30 etc)","fbneo",
"Neo Bomberman.zip","Neo Bomberman","Neo Bomberman","fbneo",
"Neo Drift Out - New Technology.zip","Neo Drift Out - New Technology","Neo Drift Out - New Technology","fbneo",
"Neo Mr.zip","NEO MR","NEO MR","fbneo",
"Neo Turf Masters.zip","Neo Turf Masters","Neo Turf Masters","fbneo",
"Neocup98.zip","NEO-GEO CUP '98 - THE ROAD TO THE VICTORY","NEO-GEO CUP '98 - THE ROAD TO THE VICTORY","fbneo",
"Nibbler.zip","Nibbler (rev 9)","Nibbler (rev 9)","fbneo",
"Night Warriors - Darkstalker'.zip","Night Warriors - Darkstalker'","Night Warriors - Darkstalker'","fbneo",
"Night Warriors - Darkstalker's.7z","NIGHT WARRIORS - DARKSTALKER'S","NIGHT WARRIORS - DARKSTALKER'S","fbneo",
"Nightmare In The Dark.zip","Nightmare In The Dark","Nightmare In The Dark","fbneo",
"Ninja Combat.zip","Ninja Combat","Ninja Combat","fbneo",
"Ninja Commando.zip","Ninja Commando","Ninja Commando","fbneo",
"Ninja Master’S - Haō Ninpō Jō.zip","Ninja Master’S - Haō Ninpō Jō","Ninja Master’S - Haō Ninpō Jō","fbneo",
"Ninjak.zip","THE NINJA KIDS (WORLD)","THE NINJA KIDS (WORLD)","fbneo",
"Ninjamas.zip","NINJA MASTER'S - HAOH-NINPO-CHO","NINJA MASTER'S - HAOH-NINPO-CHO","fbneo",
"Nitedrvr.zip","NIGHT DRIVER","NIGHT DRIVER","fbneo",
"Nova2001.zip","NOVA 2001 (JAPAN)","NOVA 2001 (JAPAN)","fbneo",
"Nrallyx.zip","NEW RALLY X","NEW RALLY X","fbneo",
"Nspirit.zip","NINJA SPIRIT (WORLD)","NINJA SPIRIT (WORLD)","fbneo",
"Nss_Rob3.zip","NSS_ROB3","NSS_ROB3","fbneo",
"Nstocker.zip","NSTOCKER","NSTOCKER","fbneo",
"Numanath.zip","NUMAN ATHLETICS (WORLD)","NUMAN ATHLETICS (WORLD)","fbneo",
"Offroad.zip","OFFROAD","OFFROAD","fbneo",
"Offroadt.zip","OFFROADT","OFFROADT","fbneo",
"Offtwall.zip","OFFTWALL","OFFTWALL","fbneo",
"Omegrace.zip","Omega Race (set 1)","Omega Race (set 1)","fbneo",
"Openice.zip","2 ON 2 OPEN ICE CHALLENGE (REV 1.21)","2 ON 2 OPEN ICE CHALLENGE (REV 1.21)","fbneo",
"Opwolf.zip","OPERATION WOLF (WORLD, SET 1)","OPERATION WOLF (WORLD, SET 1)","fbneo",
"Opwolf3.zip","OPERATION WOLF 3 (WORLD)","OPERATION WOLF 3 (WORLD)","fbneo",
"Ordyne.zip","ORDYNE (WORLD)","ORDYNE (WORLD)","fbneo",
"Oscar.zip","PSYCHO-NICS OSCAR (WORLD REVISION 0)","PSYCHO-NICS OSCAR (WORLD REVISION 0)","fbneo",
"Osman.zip","OSMAN (WORLD)","OSMAN (WORLD)","fbneo",
"Outfxies.zip","THE OUTFOXIES (WORLD, OU2)","THE OUTFOXIES (WORLD, OU2)","fbneo",
"Outrun.zip","OUT RUN (SITDOWN/UPRIGHT, REV B)","OUT RUN (SITDOWN/UPRIGHT, REV B)","fbneo",
"Over Top.zip","Over Top","Over Top","fbneo",
"P47.zip","P-47 - THE PHANTOM FIGHTER (WORLD)","P-47 - THE PHANTOM FIGHTER (WORLD)","fbneo",
"Pacland.zip","PAC-LAND (WORLD)","PAC-LAND (WORLD)","fbneo",
"Paclandn.zip","Paclandn","Paclandn","fbneo",
"Pacmanjp.zip","Pacmanjp","Pacmanjp","fbneo",
"Pacnpal.zip","Pac & Pal","Pac & Pal","fbneo",
"Pacplus.zip","Pac-Man Plus","Pac-Man Plus","fbneo",
"Palamed.zip","PALAMEDES (US)","PALAMEDES (US)","fbneo",
"Pang! 3.zip","Pang! 3","Pang! 3","fbneo",
"Pang.zip","PANG (WORLD)","PANG (WORLD)","fbneo",
"Panic Bomber.zip","Panic Bomber","Panic Bomber","fbneo",
"Panic.zip","Panic","Panic","fbneo",
"Panica.zip","Panica","Panica","fbneo",
"Paperboy.zip","PAPERBOY","PAPERBOY","fbneo",
"Pbaction.zip","Pinball Action (set 1)","Pinball Action (set 1)","fbneo",
"Pbchmp95.zip","PBCHMP95","PBCHMP95","fbneo",
"Pengo.zip","Pengo (set 1 rev C, encrypted)","Pengo (set 1 rev C, encrypted)","fbneo",
"Pengoa.zip","Pengoa","Pengoa","fbneo",
"Pepper2 (2).zip","Pepper2 (2)","Pepper2 (2)","fbneo",
"Pepper2.zip","PEPPER2","PEPPER2","fbneo",
"Peterpak (2).zip","Peterpak (2)","Peterpak (2)","fbneo",
"Peterpak.zip","PETERPAK","PETERPAK","fbneo",
"Phantom2.zip","PHANTOM2","PHANTOM2","fbneo",
"Phoenix.zip","Phoenix (Amstar)","Phoenix (Amstar)","fbneo",
"Pigout.zip","PIGOUT","PIGOUT","fbneo",
"Pingpong.zip","KONAMI'S PING-PONG","KONAMI'S PING-PONG","fbneo",
"Pioneer Laseractive Bios V1.zip","PIONEER LASERACTIVE BIOS V1","PIONEER LASERACTIVE BIOS V1","fbneo",
"Pisces.zip","Pisces","Pisces","fbneo",
"Pistoldm.zip","PISTOL DAIMYO NO BOUKEN (JAPAN)","PISTOL DAIMYO NO BOUKEN (JAPAN)","fbneo",
"Pitfall2.zip","PITFALL II (315-5093)","PITFALL II (315-5093)","fbneo",
"Pitfight.zip","PIT FIGHTER (REV 9)","PIT FIGHTER (REV 9)","fbneo",
"Pleasure Goal - 5On5 Mini Soccer.zip","Pleasure Goal - 5On5 Mini Soccer","Pleasure Goal - 5On5 Mini Soccer","fbneo",
"Pleiads.zip","Pleiads (Tehkan)","Pleiads (Tehkan)","fbneo",
"Pleitek.zip","Pleitek","Pleitek","fbneo",
"Plotting.zip","PLOTTING (WORLD SET 1)","PLOTTING (WORLD SET 1)","fbneo",
"Pnickies.zip","Pnickies","Pnickies","fbneo",
"Pochi & Nyaa.zip","Pochi & Nyaa","Pochi & Nyaa","fbneo",
"Ponpoko.zip","PONPOKO","PONPOKO","fbneo",
"Pool.zip","Pool","Pool","fbneo",
"Pooyan.zip","Pooyan","Pooyan","fbneo",
"Pop 'N Bounce.zip","Pop 'N Bounce","Pop 'N Bounce","fbneo",
"Popeye.zip","POPEYE (REVISION D)","POPEYE (REVISION D)","fbneo",
"Popflame.zip","Pop Flamer (protected)","Pop Flamer (protected)","fbneo",
"Pow.zip","P.O.W. - PRISONERS OF WAR (US VERSION 1)","P.O.W. - PRISONERS OF WAR (US VERSION 1)","fbneo",
"Power Instinct 4 - Matrimelee.zip","Power Instinct 4 - Matrimelee","Power Instinct 4 - Matrimelee","fbneo",
"Power Spikes Ii.zip","Power Spikes Ii","Power Spikes Ii","fbneo",
"Powered Gear - Strategic Variant Armor Equipment.zip","Powered Gear - Strategic Variant Armor Equipment","Powered Gear - Strategic Variant Armor Equipment","fbneo",
"Powerins.zip","POWER INSTINCT (USA)","POWER INSTINCT (USA)","fbneo",
"Prehisle.zip","PREHISTORIC ISLE IN 1930 (WORLD, SET 1)","PREHISTORIC ISLE IN 1930 (WORLD, SET 1)","fbneo",
"Prehistoric Isle 2.zip","Prehistoric Isle 2","Prehistoric Isle 2","fbneo",
"Primrage20.zip","PRIMRAGE20","PRIMRAGE20","fbneo",
"Progear.zip","Progear (010117 USA)","Progear (010117 USA)","fbneo",
"Psychos.zip","PSYCHO SOLDIER (US)","PSYCHO SOLDIER (US)","fbneo",
"Puckman.zip","Puck Man (Japan set 1)","Puck Man (Japan set 1)","fbneo",
"Pulsar.zip","Pulsar","Pulsar","fbneo",
"Pulstar.zip","Pulstar","Pulstar","fbneo",
"Punchout.zip","Punch-Out!! (Rev B)","Punch-Out!! (Rev B)","fbneo",
"Punisher, The.zip","Punisher, The","Punisher, The","fbneo",
"Punkshot.zip","PUNK SHOT (US 4 PLAYERS)","PUNK SHOT (US 4 PLAYERS)","fbneo",
"Puyopuy2.zip","PUYO PUYO 2 (JAPAN)","PUYO PUYO 2 (JAPAN)","fbneo",
"Puzz Loop 2.zip","Puzz Loop 2","Puzz Loop 2","fbneo",
"Puzzle Bobble 2.zip","Puzzle Bobble 2","Puzzle Bobble 2","fbneo",
"Puzzle Bobble.zip","Puzzle Bobble","Puzzle Bobble","fbneo",
"Puzzle De Conie.zip","Puzzle De Conie","Puzzle De Conie","fbneo",
"Puzzle De Pon! R.zip","Puzzle De Pon! R","Puzzle De Pon! R","fbneo",
"Puzzle De Pon!.zip","Puzzle De Pon!","Puzzle De Pon!","fbneo",
"Puzzled.zip","Puzzled","Puzzled","fbneo",
"Puzznic.zip","PUZZNIC (WORLD)","PUZZNIC (WORLD)","fbneo",
"Pwrinst2.zip","POWER INSTINCT 2 (USA, VER. 94/04/08)","POWER INSTINCT 2 (USA, VER. 94/04/08)","fbneo",
"Qbert.zip","Qbert (US set 1)","Qbert (US set 1)","fbneo",
"Qbertjp.zip","Qbertjp","Qbertjp","fbneo",
"Qbertqub.zip","Qbert's Qubes","Qbert's Qubes","fbneo",
"Qix.zip","Qix (Rev 2)","Qix (Rev 2)","fbneo",
"Quantum.zip","Quantum (rev 2)","Quantum (rev 2)","fbneo",
"Quantum2.zip","Quantum2","Quantum2","fbneo",
"Quartet.zip","QUARTET (REV A, 8751 317-UNKNOWN)","QUARTET (REV A, 8751 317-UNKNOWN)","fbneo",
"Quiz & Dragons - Capcom Quiz Game.zip","Quiz & Dragons - Capcom Quiz Game","Quiz & Dragons - Capcom Quiz Game","fbneo",
"Quiz Nanairo Dreams - Nijiirochou No Kiseki.Cps2.7z","QUIZ NANAIRO DREAMS - NIJIIROCHOU NO KISEKI.CPS2","QUIZ NANAIRO DREAMS - NIJIIROCHOU NO KISEKI.CPS2","fbneo",
"Quiz Nanairo Dreams - Nijiirochou No Kiseki.zip","Quiz Nanairo Dreams - Nijiirochou No Kiseki","Quiz Nanairo Dreams - Nijiirochou No Kiseki","fbneo",
"Quiz Tonosama No Yabou 2 - Zenkoku-Ban.zip","Quiz Tonosama No Yabou 2 - Zenkoku-Ban","Quiz Tonosama No Yabou 2 - Zenkoku-Ban","fbneo",
"Radarscp.zip","Radar Scope (TRS02, rev. D)","Radar Scope (TRS02, rev. D)","fbneo",
"Radrad.zip","RADICAL RADIAL (US)","RADICAL RADIAL (US)","fbneo",
"Rage Of The Dragons.zip","Rage Of The Dragons","Rage Of The Dragons","fbneo",
"Ragnagard.zip","Ragnagard","Ragnagard","fbneo",
"Raiden.zip","RAIDEN (SET 1)","RAIDEN (SET 1)","fbneo",
"Raiden2.zip","RAIDEN II (US, SET 1)","RAIDEN II (US, SET 1)","fbneo",
"Raidndx.zip","RAIDNDX","RAIDNDX","fbneo",
"Rainbow.zip","Rainbow","Rainbow","fbneo",
"Rainbowe.zip","Rainbowe","Rainbowe","fbneo",
"Rallyx.zip","RALLY X (32K VER.)","RALLY X (32K VER.)","fbneo",
"Rambo3.zip","RAMBO III (EUROPE)","RAMBO III (EUROPE)","fbneo",
"Rampage.zip","RAMPAGE (REV 3, 8/27/86)","RAMPAGE (REV 3, 8/27/86)","fbneo",
"Rampart.zip","RAMPART","RAMPART","fbneo",
"Rbibb.zip","RBIBB","RBIBB","fbneo",
"Rdft.zip","RAIDEN FIGHTERS (GERMANY)","RAIDEN FIGHTERS (GERMANY)","fbneo",
"Rdft2.zip","RAIDEN FIGHTERS 2 - OPERATION HELL DIVE (GERMANY)","RAIDEN FIGHTERS 2 - OPERATION HELL DIVE (GERMANY)","fbneo",
"Reactor.zip","REACTOR","REACTOR","fbneo",
"Real Bout Fatal Fury 2 - The Newcomers.zip","Real Bout Fatal Fury 2 - The Newcomers","Real Bout Fatal Fury 2 - The Newcomers","fbneo",
"Real Bout Fatal Fury Special.zip","Real Bout Fatal Fury Special","Real Bout Fatal Fury Special","fbneo",
"Real Bout Fatal Fury.zip","Real Bout Fatal Fury","Real Bout Fatal Fury","fbneo",
"Realbrk.zip","REALBRK","REALBRK","fbneo",
"Redalert.zip","Redalert","Redalert","fbneo",
"Redbaron.zip","Red Baron (Revised Hardware)","Red Baron (Revised Hardware)","fbneo",
"Redearth.zip","RED EARTH / WAR-ZARD (EURO 961121)","RED EARTH / WAR-ZARD (EURO 961121)","fbneo",
"Redufo.zip","Defend the Terra Attack on the Red UFO","Defend the Terra Attack on the Red UFO","fbneo",
"Relief.zip","RELIEF PITCHER (SET 1, 07 JUN 1992 / 28 MAY 1992)","RELIEF PITCHER (SET 1, 07 JUN 1992 / 28 MAY 1992)","fbneo",
"Renegade.zip","RENEGADE (US)","RENEGADE (US)","fbneo",
"Rescraid.zip","RESCRAID","RESCRAID","fbneo",
"Rescue.zip","Rescue","Rescue","fbneo",
"Ridhero.zip","RIDING HERO (NGM-006)(NGH-006)","RIDING HERO (NGM-006)(NGH-006)","fbneo",
"Ridingf.zip","RIDING FIGHT (VER 1.0O)","RIDING FIGHT (VER 1.0O)","fbneo",
"Ring Of Destruction - Slammasters Ii.zip","Ring Of Destruction - Slammasters Ii","Ring Of Destruction - Slammasters Ii","fbneo",
"Riotcity.zip","RIOT CITY (JAPAN)","RIOT CITY (JAPAN)","fbneo",
"Rmpgwt.zip","RAMPAGE WORLD TOUR (REV 1.3)","RAMPAGE WORLD TOUR (REV 1.3)","fbneo",
"Roadf.zip","Road Fighter (set 1)","Road Fighter (set 1)","fbneo",
"Roadrunn (2).zip","Roadrunn (2)","Roadrunn (2)","fbneo",
"Roadrunn.zip","ROADRUNN","ROADRUNN","fbneo",
"Robby.zip","ROBBY","ROBBY","fbneo",
"Robo Army.zip","Robo Army","Robo Army","fbneo",
"Robocop2.zip","ROBOCOP 2 (EURO/ASIA V0.10)","ROBOCOP 2 (EURO/ASIA V0.10)","fbneo",
"Robocopp.zip","Robocopp","Robocopp","fbneo",
"Robotbwl.zip","Robotbwl","Robotbwl","fbneo",
"Robotron.zip","ROBOTRON 2084 (SOLID BLUE LABEL)","ROBOTRON 2084 (SOLID BLUE LABEL)","fbneo",
"Robotryo.zip","Robotryo","Robotryo","fbneo",
"Rocnrope.zip","Roc'n Rope","Roc'n Rope","fbneo",
"Roishtar.zip","THE RETURN OF ISHTAR","THE RETURN OF ISHTAR","fbneo",
"Rollerg.zip","ROLLERGAMES (US)","ROLLERGAMES (US)","fbneo",
"Rollingc.zip","Rollingc","Rollingc","fbneo",
"Rotd.zip","RAGE OF THE DRAGONS (NGM-264)","RAGE OF THE DRAGONS (NGM-264)","fbneo",
"Route16.zip","Route 16 (Sun Electronics, set 1)","Route 16 (Sun Electronics, set 1)","fbneo",
"Rranger.zip","RRANGER","RRANGER","fbneo",
"Rthun2.zip","ROLLING THUNDER 2","ROLLING THUNDER 2","fbneo",
"Rthunder.zip","ROLLING THUNDER (REV 3)","ROLLING THUNDER (REV 3)","fbneo",
"Rtype2.zip","R-TYPE II (WORLD)","R-TYPE II (WORLD)","fbneo",
"Rtypeleo.zip","R-TYPE LEO (WORLD)","R-TYPE LEO (WORLD)","fbneo",
"Rungun2.zip","RUNGUN2","RUNGUN2","fbneo",
"Rvschool.zip","RVSCHOOL","RVSCHOOL","fbneo",
"Rygar.zip","RYGAR (US SET 1)","RYGAR (US SET 1)","fbneo",
"Ryujin.zip","RYU JIN (JAPAN, ET910000B PCB)","RYU JIN (JAPAN, ET910000B PCB)","fbneo",
"S1945.zip","STRIKERS 1945 (WORLD)","STRIKERS 1945 (WORLD)","fbneo",
"S1945iii.zip","STRIKERS 1945 III (WORLD) / STRIKERS 1999 (JAPAN)","STRIKERS 1945 III (WORLD) / STRIKERS 1999 (JAPAN)","fbneo",
"S1945p.zip","STRIKERS 1945 PLUS","STRIKERS 1945 PLUS","fbneo",
"Salmndr2.zip","SALMNDR2","SALMNDR2","fbneo",
"Samsh5sp.zip","SAMURAI SHODOWN V SPECIAL / SAMURAI SPIRITS ZERO SPECIAL (NGM-2720)","SAMURAI SHODOWN V SPECIAL / SAMURAI SPIRITS ZERO SPECIAL (NGM-2720)","fbneo",
"Samsho3.zip","SAMURAI SHODOWN III / SAMURAI SPIRITS - ZANKUROU MUSOUKEN (NGM-087)","SAMURAI SHODOWN III / SAMURAI SPIRITS - ZANKUROU MUSOUKEN (NGM-087)","fbneo",
"Samsho4.zip","SAMURAI SHODOWN IV - AMAKUSA'S REVENGE / SAMURAI SPIRITS - AMAKUSA KOURIN (NGM-222)(NGH-222)","SAMURAI SHODOWN IV - AMAKUSA'S REVENGE / SAMURAI SPIRITS - AMAKUSA KOURIN (NGM-222)(NGH-222)","fbneo",
"Samurai Shodown Ii.zip","Samurai Shodown Ii","Samurai Shodown Ii","fbneo",
"Samurai Shodown Iii.zip","Samurai Shodown Iii","Samurai Shodown Iii","fbneo",
"Samurai Shodown IV - Amakusa's.zip","SAMURAI SHODOWN IV - AMAKUSA'S","SAMURAI SHODOWN IV - AMAKUSA'S","fbneo",
"Samurai Shodown.zip","Samurai Shodown","Samurai Shodown","fbneo",
"Samurai Showdown V Special.zip","Samurai Showdown V Special","Samurai Showdown V Special","fbneo",
"Samurai Showdown V.zip","Samurai Showdown V","Samurai Showdown V","fbneo",
"Sarge.zip","Sarge","Sarge","fbneo",
"Satansat.zip","Satan of Saturn (set 1)","Satan of Saturn (set 1)","fbneo",
"Saturday Night Slammasters.zip","Saturday Night Slammasters","Saturday Night Slammasters","fbneo",
"Savage Reign.zip","Savage Reign","Savage Reign","fbneo",
"Savagere.zip","SAVAGE REIGN / FU'UN MOKUSHIROKU - KAKUTOU SOUSEI","SAVAGE REIGN / FU'UN MOKUSHIROKU - KAKUTOU SOUSEI","fbneo",
"Sbagman.zip","Super Bagman (version 5)","Super Bagman (version 5)","fbneo",
"Sbasebal.zip","SUPER CHAMPION BASEBALL (US)","SUPER CHAMPION BASEBALL (US)","fbneo",
"Sbasketb.zip","Super Basketball (version I, encrypted)","Super Basketball (version I, encrypted)","fbneo",
"Sboblbob.zip","Sboblbob","Sboblbob","fbneo",
"Sbrkout.zip","Sbrkout","Sbrkout","fbneo",
"Schaser.zip","Schaser","Schaser","fbneo",
"Scion.zip","SCION","SCION","fbneo",
"Scobra.zip","Super Cobra","Super Cobra","fbneo",
"Scobrak.zip","Scobrak","Scobrak","fbneo",
"Scontra.zip","SUPER CONTRA","SUPER CONTRA","fbneo",
"Scramble.zip","Scramble","Scramble","fbneo",
"Scregg.zip","Scrambled Egg","Scrambled Egg","fbneo",
"Sdungeon.zip","Space Dungeon","Space Dungeon","fbneo",
"Seawolf.zip","Seawolf","Seawolf","fbneo",
"Seawolf2.zip","Seawolf2","Seawolf2","fbneo",
"Sectionz.zip","Section Z (set 1)","Section Z (set 1)","fbneo",
"Seganinj.zip","SEGA NINJA (315-5102)","SEGA NINJA (315-5102)","fbneo",
"Seicross.zip","Seicross (set 1)","Seicross (set 1)","fbneo",
"Sengoku 3.zip","Sengoku 3","Sengoku 3","fbneo",
"Sengoku.zip","Sengoku / Sengoku Denshou (NGM-017)(NGH-017)","Sengoku / Sengoku Denshou (NGM-017)(NGH-017)","fbneo",
"Sengoku3.zip","SENGOKU 3 / SENGOKU DENSHO 2001 (SET 1)","SENGOKU 3 / SENGOKU DENSHO 2001 (SET 1)","fbneo",
"Sf.zip","STREET FIGHTER (US, SET 1)","STREET FIGHTER (US, SET 1)","fbneo",
"Sf2.zip","STREET FIGHTER II - THE WORLD WARRIOR (910522 WORLD)","STREET FIGHTER II - THE WORLD WARRIOR (910522 WORLD)","fbneo",
"Sfa2.zip","STREET FIGHTER ALPHA 2 (960229 EURO)","STREET FIGHTER ALPHA 2 (960229 EURO)","fbneo",
"Sfex2p.zip","SFEX2P","SFEX2P","fbneo",
"Sfootbal.zip","SFOOTBAL","SFOOTBAL","fbneo",
"Sftm.zip","STREET FIGHTER THE MOVIE (V1.12)","STREET FIGHTER THE MOVIE (V1.12)","fbneo",
"Shackled.zip","SHACKLED (US)","SHACKLED (US)","fbneo",
"Shadfrce.zip","SHADOW FORCE (WORLD, VERSION 3)","SHADOW FORCE (WORLD, VERSION 3)","fbneo",
"Shadowld.zip","SHADOWLAND (YD3)","SHADOWLAND (YD3)","fbneo",
"Shadoww.zip","Shadow Warriors (World, set 1)","Shadow Warriors (World, set 1)","fbneo",
"Sharkatt.zip","SHARK ATTACK","SHARK ATTACK","fbneo",
"Sharrier.zip","SPACE HARRIER (REV A, 8751 315-5163A)","SPACE HARRIER (REV A, 8751 315-5163A)","fbneo",
"Shdancer.zip","SHADOW DANCER (SET 3, US)","SHADOW DANCER (SET 3, US)","fbneo",
"Shinobi.zip","SHINOBI (SET 6, SYSTEM 16A, UNPROTECTED)","SHINOBI (SET 6, SYSTEM 16A, UNPROTECTED)","fbneo",
"Shiryu2.zip","SHIRYU2","SHIRYU2","fbneo",
"Shock Troopers 2Nd Squad.zip","Shock Troopers 2Nd Squad","Shock Troopers 2Nd Squad","fbneo",
"Shock Troopers.zip","Shock Troopers","Shock Troopers","fbneo",
"Shollow.zip","Satan's Hollow (set 1)","Satan's Hollow (set 1)","fbneo",
"Shootout.zip","SHOOT OUT (US)","SHOOT OUT (US)","fbneo",
"Showdown.zip","SHOWDOWN","SHOWDOWN","fbneo",
"Shuuz.zip","SHUUZ (VERSION 8.0)","SHUUZ (VERSION 8.0)","fbneo",
"Sidearjp.zip","Sidearjp","Sidearjp","fbneo",
"Sidearms (2).zip","Sidearms (2)","Sidearms (2)","fbneo",
"Sidetrac.zip","SIDETRAC","SIDETRAC","fbneo",
"Silkworm.zip","Silk Worm (World)","Silk Worm (World)","fbneo",
"Sinistar.zip","Sinistar (revision 3)","Sinistar (revision 3)","fbneo",
"Snakepit.zip","SNAKEPIT","SNAKEPIT","fbneo",
"Snakjack.zip","SNAKJACK","SNAKJACK","fbneo",
"Sncwgltd.zip","SNCWGLTD","SNCWGLTD","fbneo",
"Soccer Brawl.zip","Soccer Brawl","Soccer Brawl","fbneo",
"Soccer.zip","SOCCER","SOCCER","fbneo",
"Solarfox.zip","Solar Fox (upright)","Solar Fox (upright)","fbneo",
"Solarwar.zip","Solarwar","Solarwar","fbneo",
"Sonic Wings 3.zip","Sonic Wings 3","Sonic Wings 3","fbneo",
"Sonicwi3.zip","AERO FIGHTERS 3 / SONIC WINGS 3","AERO FIGHTERS 3 / SONIC WINGS 3","fbneo",
"Sonson.zip","Son Son","Son Son","fbneo",
"Soulclbr.zip","SOULCLBR","SOULCLBR","fbneo",
"Spacduel.zip","Space Duel (version 2)","Space Duel (version 2)","fbneo",
"Spaceatt.zip","Spaceatt","Spaceatt","fbneo",
"Spacefb.zip","Space Firebird (rev. 04-u)","Space Firebird (rev. 04-u)","fbneo",
"Spaceod.zip","Spaceod","Spaceod","fbneo",
"Spaceph.zip","Spaceph","Spaceph","fbneo",
"Spaceskr.zip","Space Seeker","Space Seeker","fbneo",
"Spacetrk.zip","Spacetrk","Spacetrk","fbneo",
"Spacezap.zip","SPACEZAP","SPACEZAP","fbneo",
"Spacfurc.zip","Spacfurc","Spacfurc","fbneo",
"Spacfury.zip","Space Fury (revision C)","Space Fury (revision C)","fbneo",
"Spcenctr.zip","Spcenctr","Spcenctr","fbneo",
"Spiders.zip","Spiders","Spiders","fbneo",
"Spin Master.zip","Spin Master","Spin Master","fbneo",
"Splat.zip","Splat!","Splat!","fbneo",
"Spnchout.zip","Super Punch-Out!! (Rev B)","Super Punch-Out!! (Rev B)","fbneo",
"Sprint1.zip","SPRINT1","SPRINT1","fbneo",
"Sprint2.zip","Sprint2","Sprint2","fbneo",
"Spyhunt.zip","Spy Hunter","Spy Hunter","fbneo",
"Sqbert.zip","Faster, Harder, More Challenging Qbert (prototype)","Faster, Harder, More Challenging Qbert (prototype)","fbneo",
"Sqixbl.zip","Sqixbl","Sqixbl","fbneo",
"Srallyc.zip","SRALLYC","SRALLYC","fbneo",
"Srumbler.zip","The Speed Rumbler (set 1)","The Speed Rumbler (set 1)","fbneo",
"Srumblr2.zip","Srumblr2","Srumblr2","fbneo",
"Ssideki3.zip","SUPER SIDEKICKS 3 - THE NEXT GLORY / TOKUTEN OU 3 - EIKOU E NO MICHI","SUPER SIDEKICKS 3 - THE NEXT GLORY / TOKUTEN OU 3 - EIKOU E NO MICHI","fbneo",
"Ssideki4.zip","THE ULTIMATE 11 - THE SNK FOOTBALL CHAMPIONSHIP / TOKUTEN OU - HONOO NO LIBERO","THE ULTIMATE 11 - THE SNK FOOTBALL CHAMPIONSHIP / TOKUTEN OU - HONOO NO LIBERO","fbneo",
"Sspaceat.zip","Sspaceat","Sspaceat","fbneo",
"Ssprint.zip","SSPRINT","SSPRINT","fbneo",
"Ssrdrjbd.zip","SSRDRJBD","SSRDRJBD","fbneo",
"Stakes Winner 2.zip","Stakes Winner 2","Stakes Winner 2","fbneo",
"Stakes Winner.zip","Stakes Winner","Stakes Winner","fbneo",
"Starfire.zip","Starfire","Starfire","fbneo",
"Starforc.zip","Star Force","Star Force","fbneo",
"Stargate.zip","Stargate","Stargate","fbneo",
"Startrek.zip","Star Trek","Star Trek","fbneo",
"Starwars.zip","Star Wars (rev 1)","Star Wars (rev 1)","fbneo",
"Stratgyb.zip","Stratgyb","Stratgyb","fbneo",
"Street Fighter Alpha - Warriors' Dreams.Cps2.7z","STREET FIGHTER ALPHA - WARRIORS' DREAMS.CPS2","STREET FIGHTER ALPHA - WARRIORS' DREAMS.CPS2","fbneo",
"Street Fighter Alpha - Warriors' Dreams.zip","Street Fighter Alpha - Warriors' Dreams","Street Fighter Alpha - Warriors' Dreams","fbneo",
"Street Fighter Alpha 2.Cps2.7z","STREET FIGHTER ALPHA 2.CPS2","STREET FIGHTER ALPHA 2.CPS2","fbneo",
"Street Fighter Alpha 2.zip","Street Fighter Alpha 2","Street Fighter Alpha 2","fbneo",
"Street Fighter Alpha.zip","Street Fighter Alpha","Street Fighter Alpha","fbneo",
"Street Fighter II - Champion Edition.zip","Street Fighter II - Champion Edition","Street Fighter II - Champion Edition","fbneo",
"Street Fighter II - Hyper Fighting.zip","Street Fighter II - Hyper Fighting","Street Fighter II - Hyper Fighting","fbneo",
"Street Fighter II - The World Warrior.zip","Street Fighter II - The World Warrior","Street Fighter II - The World Warrior","fbneo",
"Street Fighter Zero 2 Alpha.Cps2.7z","STREET FIGHTER ZERO 2 ALPHA.CPS2","STREET FIGHTER ZERO 2 ALPHA.CPS2","fbneo",
"Street Fighter Zero 2 Alpha.zip","Street Fighter Zero 2 Alpha","Street Fighter Zero 2 Alpha","fbneo",
"Street Fighter Zero 2.zip","Street Fighter Zero 2","Street Fighter Zero 2","fbneo",
"Street Fighter Zero.zip","Street Fighter Zero","Street Fighter Zero","fbneo",
"Street Hoop.zip","Street Hoop","Street Hoop","fbneo",
"Strider.zip","Strider (US set 1)","Strider (US set 1)","fbneo",
"Strikers 1945 Plus.zip","Strikers 1945 Plus","Strikers 1945 Plus","fbneo",
"Super Dodge Ball.zip","Super Dodge Ball","Super Dodge Ball","fbneo",
"Super Gem Fighter Mini Mix.zip","Super Gem Fighter Mini Mix","Super Gem Fighter Mini Mix","fbneo",
"Super Muscle Bomber - The International Blowout.zip","Super Muscle Bomber - The International Blowout","Super Muscle Bomber - The International Blowout","fbneo",
"Super Puzzle Fighter 2 Turbo.zip","Super Puzzle Fighter 2 Turbo","Super Puzzle Fighter 2 Turbo","fbneo",
"Super Sidekicks 2.zip","Super Sidekicks 2","Super Sidekicks 2","fbneo",
"Super Spy, The.zip","Super Spy, The","Super Spy, The","fbneo",
"Super Street Fighter II The New Challengers.zip","Super Street Fighter II The New Challengers","Super Street Fighter II The New Challengers","fbneo",
"Super Street Fighter II Turbo.zip","Super Street Fighter II Turbo","Super Street Fighter II Turbo","fbneo",
"Superpac.zip","Super Pac-Man","Super Pac-Man","fbneo",
"Superpcn.zip","Superpcn","Superpcn","fbneo",
"Superqix.zip","Superqix","Superqix","fbneo",
"Svc Chaos - SNK Vs Capcom Plus.zip","Svc Chaos - SNK Vs Capcom Plus","Svc Chaos - SNK Vs Capcom Plus","fbneo",
"Svc Chaos - SNK Vs Capcom.zip","Svc Chaos - SNK Vs Capcom","Svc Chaos - SNK Vs Capcom","fbneo",
"Swimmera.zip","Swimmera","Swimmera","fbneo",
"Szaxxon.zip","Super Zaxxon","Super Zaxxon","fbneo",
"Tacscan.zip","Tac/Scan","Tac/Scan","fbneo",
"Tankbatt.zip","Tankbatt","Tankbatt","fbneo",
"Tapper.zip","Tapper (Budweiser, 1/27/84)","Tapper (Budweiser, 1/27/84)","fbneo",
"Tazmania.zip","Tazz-Mania (set 1)","Tazz-Mania (set 1)","fbneo",
"Tecmo World Soccer '96.zip","Tecmo World Soccer '96","Tecmo World Soccer '96","fbneo",
"Tempest.zip","Tempest (rev 3, Revised Hardware)","Tempest (rev 3, Revised Hardware)","fbneo",
"Theend.zip","The End","The End","fbneo",
"Thepit.zip","The Pit","The Pit","fbneo",
"Thrash Rally.zip","Thrash Rally","Thrash Rally","fbneo",
"Three Wonders.zip","Three Wonders","Three Wonders","fbneo",
"Tigeroad.zip","Tiger Road (US)","Tiger Road (US)","fbneo",
"Timber.zip","Timber","Timber","fbneo",
"Timeplt.zip","Time Pilot","Time Pilot","fbneo",
"Tnzs2.zip","Tnzs2","Tnzs2","fbneo",
"Todruaga.zip","The Tower of Druaga (New Ver.)","The Tower of Druaga (New Ver.)","fbneo",
"Toobin.zip","Toobin' (rev 3)","Toobin' (rev 3)","fbneo",
"Top Golf.zip","Top Golf","Top Golf","fbneo",
"Top Hunter - Roddy & Cathy.zip","Top Hunter - Roddy & Cathy","Top Hunter - Roddy & Cathy","fbneo",
"Top Player's Golf.zip","Top Player's Golf","Top Player's Golf","fbneo",
"Tornbase.zip","Tornbase","Tornbase","fbneo",
"Totcarn.zip","TOTAL CARNAGE (REV LA1 03/10/92)","TOTAL CARNAGE (REV LA1 03/10/92)","fbneo",
"Toutrun.zip","TURBO OUT RUN (OUT RUN UPGRADE, FD1094 317-0118)","TURBO OUT RUN (OUT RUN UPGRADE, FD1094 317-0118)","fbneo",
"Toypop.zip","TOYPOP","TOYPOP","fbneo",
"Tp84.zip","Time Pilot '84 (set 1)","Time Pilot '84 (set 1)","fbneo",
"Trackfld.zip","TRACK & FIELD","TRACK & FIELD","fbneo",
"Tranqgun.zip","Tranqgun","Tranqgun","fbneo",
"Travrusa.zip","Traverse USA / Zippy Race","Traverse USA / Zippy Race","fbneo",
"Triothep.zip","TRIO THE PUNCH - NEVER FORGET ME... (WORLD)","TRIO THE PUNCH - NEVER FORGET ME... (WORLD)","fbneo",
"Triplep.zip","Triple Punch (set 1)","Triple Punch (set 1)","fbneo",
"Troangel.zip","TROPICAL ANGEL","TROPICAL ANGEL","fbneo",
"Trog.zip","TROG (REV LA5 3/29/91)","TROG (REV LA5 3/29/91)","fbneo",
"Trojan.zip","Trojan (US set 1)","Trojan (US set 1)","fbneo",
"Tron.zip","Tron (8/9)","Tron (8/9)","fbneo",
"Tumblep.zip","TUMBLE POP (WORLD)","TUMBLE POP (WORLD)","fbneo",
"Turtles.zip","Turtles","Turtles","fbneo",
"Turtship.zip","TURTLE SHIP (NORTH AMERICA)","TURTLE SHIP (NORTH AMERICA)","fbneo",
"Tutankhm.zip","Tutankham","Tutankham","fbneo",
"Twinklestar Sprites.zip","Twinklestar Sprites","Twinklestar Sprites","fbneo",
"Twotiger.zip","Two Tigers (dedicated)","Two Tigers (dedicated)","fbneo",
"U.zip","U","U","fbneo",
"Uccops.zip","UNDERCOVER COPS (WORLD)","UNDERCOVER COPS (WORLD)","fbneo",
"Ultraman.zip","ULTRAMAN (JAPAN)","ULTRAMAN (JAPAN)","fbneo",
"Umk3.zip","ULTIMATE MORTAL KOMBAT 3 (REV 1.2)","ULTIMATE MORTAL KOMBAT 3 (REV 1.2)","fbneo",
"Uniwars.zip","UniWar S","UniWar S","fbneo",
"Unsquad.zip","U.N. Squadron (US)","U.N. Squadron (US)","fbneo",
"Uopoko.zip","PUZZLE UO POKO (INTERNATIONAL, VER. 98/02/06)","PUZZLE UO POKO (INTERNATIONAL, VER. 98/02/06)","fbneo",
"Usvsthem.zip","Usvsthem","Usvsthem","fbneo",
"Vampire - The Night Warriors.zip","Vampire - The Night Warriors","Vampire - The Night Warriors","fbneo",
"Vanguard.zip","Vanguard (SNK)","Vanguard (SNK)","fbneo",
"Varth - Operation Thunderstorm.zip","Varth - Operation Thunderstorm","Varth - Operation Thunderstorm","fbneo",
"Vastar.zip","Vastar (set 1)","Vastar (set 1)","fbneo",
"Vendetta.zip","VENDETTA (WORLD, 4 PLAYERS VER. T)","VENDETTA (WORLD, 4 PLAYERS VER. T)","fbneo",
"Venture.zip","VENTURE","VENTURE","fbneo",
"Venture2.zip","Venture2","Venture2","fbneo",
"Vf.zip","VF","VF","fbneo",
"Vhunt2.zip","VAMPIRE HUNTER 2 - DARKSTALKERS REVENGE (970929 JAPAN)","VAMPIRE HUNTER 2 - DARKSTALKERS REVENGE (970929 JAPAN)","fbneo",
"Victory.zip","VICTORY","VICTORY","fbneo",
"Vigilant.zip","VIGILANTE (WORLD, REV E)","VIGILANTE (WORLD, REV E)","fbneo",
"Vindctr2.zip","VINDICATORS PART II (REV 3)","VINDICATORS PART II (REV 3)","fbneo",
"Viofight.zip","VIOLENCE FIGHT (WORLD)","VIOLENCE FIGHT (WORLD)","fbneo",
"Viostorm.zip","VIOLENT STORM (VER EAC)","VIOLENT STORM (VER EAC)","fbneo",
"Viper.zip","VIPER","VIPER","fbneo",
"Vliner.zip","V-Liner (v0.7a)","V-Liner (v0.7a)","fbneo",
"Voltage Fighter Gowcaizer.zip","Voltage Fighter Gowcaizer","Voltage Fighter Gowcaizer","fbneo",
"Votrax.zip","Votrax","Votrax","fbneo",
"Vsyard.zip","Vsyard","Vsyard","fbneo",
"Waku Waku 7.zip","Waku Waku 7","Waku Waku 7","fbneo",
"Wakuwak7.zip","WAKU WAKU 7","WAKU WAKU 7","fbneo",
"Warriorb.zip","WARRIOR BLADE - RASTAN SAGA EPISODE III (JAPAN)","WARRIOR BLADE - RASTAN SAGA EPISODE III (JAPAN)","fbneo",
"Warriors Of Fate.zip","Warriors Of Fate","Warriors Of Fate","fbneo",
"Wb3.zip","WONDER BOY III - MONSTER LAIR (SET 6, WORLD, SYSTEM 16B, 8751 317-0098)","WONDER BOY III - MONSTER LAIR (SET 6, WORLD, SYSTEM 16B, 8751 317-0098)","fbneo",
"Wboy.zip","WONDER BOY (SET 1, 315-5177)","WONDER BOY (SET 1, 315-5177)","fbneo",
"Wc90.zip","WC90","WC90","fbneo",
"Wecleman.zip","WEC LE MANS 24 (V2.01)","WEC LE MANS 24 (V2.01)","fbneo",
"Whodunit.zip","WHODUNIT","WHODUNIT","fbneo",
"Willow.zip","Willow (World)","Willow (World)","fbneo",
"Windjammers.zip","Windjammers","Windjammers","fbneo",
"Wldcourt.zip","PRO TENNIS WORLD COURT (JAPAN)","PRO TENNIS WORLD COURT (JAPAN)","fbneo",
"World Heroes 2 Jet.zip","World Heroes 2 Jet","World Heroes 2 Jet","fbneo",
"World Heroes 2.zip","World Heroes 2","World Heroes 2","fbneo",
"World Heroes Perfect.zip","World Heroes Perfect","World Heroes Perfect","fbneo",
"Wow.zip","WOW","WOW","fbneo",
"Ws.zip","PRO YAKYUU WORLD STADIUM (JAPAN)","PRO YAKYUU WORLD STADIUM (JAPAN)","fbneo",
"Wseries.zip","WSERIES","WSERIES","fbneo",
"Wsf.zip","WSF","WSF","fbneo",
"Wwfmania.zip","WWF WRESTLEMANIA (REV 1.30 08/10/95)","WWF WRESTLEMANIA (REV 1.30 08/10/95)","fbneo",
"Wwfsstar.zip","WWF SUPERSTARS (EUROPE)","WWF SUPERSTARS (EUROPE)","fbneo",
"Wwfwfest.zip","WWF WRESTLEFEST (WORLD)","WWF WRESTLEFEST (WORLD)","fbneo",
"Xexex.zip","XEXEX (VER EAA)","XEXEX (VER EAA)","fbneo",
"X-Men Children Of The Atom.zip","X-Men Children Of The Atom","X-Men Children Of The Atom","fbneo",
"X-Men Vs.zip","X-Men Vs","X-Men Vs","fbneo",
"Xmen.zip","X-MEN (4 PLAYERS VER EBA)","X-MEN (4 PLAYERS VER EBA)","fbneo",
"Xmultipl.zip","X MULTIPLY (WORLD, M81 HARDWARE)","X MULTIPLY (WORLD, M81 HARDWARE)","fbneo",
"Xmvsf.zip","X-MEN VS STREET FIGHTER (961004 EURO)","X-MEN VS STREET FIGHTER (961004 EURO)","fbneo",
"Xsleena.zip","XAIN'D SLEENA (WORLD)","XAIN'D SLEENA (WORLD)","fbneo",
"Xybots.zip","XYBOTS (REV 2)","XYBOTS (REV 2)","fbneo",
"Yiear.zip","YIE AR KUNG-FU (PROGRAM CODE I)","YIE AR KUNG-FU (PROGRAM CODE I)","fbneo",
"Zed Blade.zip","Zed Blade","Zed Blade","fbneo",
"Zintrick.zip","Zintrick","Zintrick","fbneo",
"Zupapa!.zip","Zupapa!","Zupapa!","fbneo",
"Ffight2b.zip","FFIGHT2B","FFIGHT2B","fbneo",
"Chasehq.zip","Chasehq","Chasehq","fbneo",
"Bottom9.zip","BOTTOM9","BOTTOM9","fbneo",
"19Xx.zip","19XX","19XX","fbneo",
"3Countb.zip","3COUNTB","3COUNTB","fbneo",
"88Games.zip","88GAMES","88GAMES","fbneo",
"Abaseb.zip","ABASEB","ABASEB","fbneo",
"Solomon.zip","SOLOMON","SOLOMON","fbneo",
"Carrier Air Wing.zip","Carrier Air Wing","Carrier Air Wing","fbneo",
"Tgmj.zip","TGMJ","TGMJ","fbneo",
"Airwolf.zip","AIRWOLF","AIRWOLF","fbneo",
"Rastan.zip","RASTAN","RASTAN","fbneo",
"Spelunk2.zip","SPELUNK2","SPELUNK2","fbneo",
"Tmnt22p.zip","TMNT22P","TMNT22P","fbneo",
"Duckhunt.zip","DUCKHUNT","DUCKHUNT","fbneo",
"Tbyahhoo.zip","TBYAHHOO","TBYAHHOO","fbneo",
"280Zzzap.zip","280ZZZAP","280ZZZAP","fbneo",
"Aodk.zip","AODK","AODK","fbneo",
"Airco22b.zip","AIRCO22B","AIRCO22B","fbneo",
"Astorm.zip","ASTORM","ASTORM","fbneo",
"Aliens.zip","ALIENS","ALIENS","fbneo",
"Avspirit.zip","AVSPIRIT","AVSPIRIT","fbneo",
"Sonic .zip","SONIC","SONIC","fbneo",
"Asterixeac.zip","ASTERIXEAC","ASTERIXEAC","fbneo",
"Astdelux.zip","ASTDELUX","ASTDELUX","fbneo",
"Asteroid.zip","ASTEROID","ASTEROID","fbneo",
"Astyanax.zip","ASTYANAX","ASTYANAX","fbneo",
"Athena.zip","ATHENA","ATHENA","fbneo",
"Avalnche.zip","AVALNCHE","AVALNCHE","fbneo",
"Swimmer.zip","SWIMMER","SWIMMER","fbneo",
"Bang.zip","BANG","BANG","fbneo",
"Bankp.zip","BANKP","BANKP","fbneo",
"Bldyror2.zip","BLDYROR2","BLDYROR2","fbneo",
"Batman.zip","BATMAN","BATMAN","fbneo",
"Ccastles.zip","Ccastles","Ccastles","fbneo",
"Bigstrik.zip","BIGSTRIK","BIGSTRIK","fbneo",
"Biomtoy.zip","BIOMTOY","BIOMTOY","fbneo",
"Bmaster.zip","BMASTER","BMASTER","fbneo",
"Blstroid.zip","BLSTROID","BLSTROID","fbneo",
"Blockout.zip","BLOCKOUT","BLOCKOUT","fbneo",
"Bloodstm.zip","BLOODSTM","BLOODSTM","fbneo",
"Bluehawk.zip","BLUEHAWK","BLUEHAWK","fbneo",
"Bodyslam.zip","BODYSLAM","BODYSLAM","fbneo",
"Bosco.zip","BOSCO","BOSCO","fbneo",
"Bouldash.zip","BOULDASH","BOULDASH","fbneo",
"Berabohm.zip","BERABOHM","BERABOHM","fbneo",
"Cninja.zip","CNINJA","CNINJA","fbneo",
"Centiped.zip","Centiped","Centiped","fbneo",
"Champbas.zip","Champbas","Champbas","fbneo",
"Csprint.zip","Csprint","Csprint","fbneo",
"Cairblad.zip","CAIRBLAD","CAIRBLAD","fbneo",
"Checkman.zip","Checkman","Checkman","fbneo",
"Chplftb.zip","Chplftb","Chplftb","fbneo",
"Chplftbl.zip","Chplftbl","Chplftbl","fbneo",
"Chplft.zip","Chplft","Chplft","fbneo",
"Circusc.zip","Circusc","Circusc","fbneo",
"Clshroad.zip","Clshroad","Clshroad","fbneo",
"Wonder3.zip","WONDER 3 (910520 JAPAN)","WONDER 3 (910520 JAPAN)","fbneo",
"Amidars.zip","Amidar (Scramble hardware)","Amidar (Scramble hardware)","fbneo",
"Amigo.zip","Amigo","Amigo","fbneo",
"Arkatayt.zip","Arkanoid (Tayto bootleg)","Arkanoid (Tayto bootleg)","fbneo",
"Atetrisb.zip","Tetris (bootleg set 1)","Tetris (bootleg set 1)","fbneo",
"Atetrisa.zip","Tetris (set 2)","Tetris (set 2)","fbneo",
"Drgninja.zip","Dragonninja (Japan)","Dragonninja (Japan)","fbneo",
"Blkdrgon.zip","Black Dragon (Japan)","Black Dragon (Japan)","fbneo",
"Bnj.zip","Bump 'n' Jump","Bump 'n' Jump","fbneo",
"Bubblesr.zip","Bubbles (Solid Red label)","Bubbles (Solid Red label)","fbneo",
"Boblbobl.zip","Bobble Bobble (bootleg of Bubble Bobble)","Bobble Bobble (bootleg of Bubble Bobble)","fbneo",
"Pbobble.zip","PUZZLE BOBBLE (JAPAN, B-SYSTEM)","PUZZLE BOBBLE (JAPAN, B-SYSTEM)","fbneo",
"Clbowl.zip","Coors Light Bowling","Coors Light Bowling","fbneo",
"Chelnovj.zip","Chelnov - Atomic Runner (Japan)","Chelnov - Atomic Runner (Japan)","fbneo",
"Circusc2.zip","Circus Charlie (level select, set 2)","Circus Charlie (level select, set 2)","fbneo",
"Ckongs.zip","Crazy Kong (bootleg on Scramble hardware)","Crazy Kong (bootleg on Scramble hardware)","fbneo",
"Colony7a.zip","Colony 7 (set 2)","Colony 7 (set 2)","fbneo",
"Tiptop.zip","Tip Top","Tip Top","fbneo",
"Gallop.zip","GALLOP - ARMED POLICE UNIT (JAPAN, M72 HARDWARE)","GALLOP - ARMED POLICE UNIT (JAPAN, M72 HARDWARE)","fbneo",
"Maketrax.zip","Make Trax (US set 1)","Make Trax (US set 1)","fbneo",
"Csilverj.zip","CAPTAIN SILVER (JAPAN REVISION 3)","CAPTAIN SILVER (JAPAN REVISION 3)","fbneo",
"Dduxbl.zip","DYNAMITE DUX (BOOTLEG)","DYNAMITE DUX (BOOTLEG)","fbneo",
"Digdugat.zip","Dig Dug (Atari, rev 2)","Dig Dug (Atari, rev 2)","fbneo",
"Dinoj.zip","CADILLACS KYOURYUU-SHINSEIKI (930201 JAPAN)","CADILLACS KYOURYUU-SHINSEIKI (930201 JAPAN)","fbneo",
"Douni.zip","Mr. Do vs. Unicorns","Mr. Do vs. Unicorns","fbneo",
"Spiero.zip","Super Pierrot (Japan)","Super Pierrot (Japan)","fbneo",
"Elim4.zip","Eliminator (4 Players)","Eliminator (4 Players)","fbneo",
"Savgbees.zip","Savage Bees","Savage Bees","fbneo",
"Ffightj1.zip","FINAL FIGHT (900112 JAPAN)","FINAL FIGHT (900112 JAPAN)","fbneo",
"Ffightu.zip","FINAL FIGHT (USA, SET 1)","FINAL FIGHT (USA, SET 1)","fbneo",
"Fastfred.zip","Fast Freddie","Fast Freddie","fbneo",
"Aeroboto.zip","Aeroboto","Aeroboto","fbneo",
"Froggers.zip","Frog","Frog","fbneo",
"Gallag.zip","Gallag","Gallag","fbneo",
"Galap4.zip","Galaxian Part 4 (hack)","Galaxian Part 4 (hack)","fbneo",
"Galapx.zip","Galaxian Part X (moonaln hack)","Galaxian Part X (moonaln hack)","fbneo",
"Galturbo.zip","Galaxian Turbo (superg hack)","Galaxian Turbo (superg hack)","fbneo",
"Galap1.zip","Space Invaders Galactica (galaxiaj hack)","Space Invaders Galactica (galaxiaj hack)","fbneo",
"Superg.zip","Super Galaxians (galaxiaj hack)","Super Galaxians (galaxiaj hack)","fbneo",
"Rushatck.zip","Rush'n Attack (US)","Rush'n Attack (US)","fbneo",
"Ghoulsu.zip","GHOULS'N GHOSTS (US)","GHOULS'N GHOSTS (US)","fbneo",
"Gngt.zip","GHOSTS'N GOBLINS (US)","GHOSTS'N GOBLINS (US)","fbneo",
"Gunforceu.zip","GUNFORCE - BATTLE FIRE ENGULFED TERROR ISLAND (US)","GUNFORCE - BATTLE FIRE ENGULFED TERROR ISLAND (US)","fbneo",
"Gyrussce.zip","Gyruss (Centuri)","Gyruss (Centuri)","fbneo",
"Hharryu.zip","HAMMERIN' HARRY (US, M84 HARDWARE)","HAMMERIN' HARRY (US, M84 HARDWARE)","fbneo",
"Hsf2d.zip","HYPER STREET FIGHTER II THE ANNIVERSARY EDITION (040202 ASIA PHOENIX EDITION)","HYPER STREET FIGHTER II THE ANNIVERSARY EDITION (040202 ASIA PHOENIX EDITION)","fbneo",
"Jojon.zip","JOJO'S VENTURE / JOJO NO KIMYOU NA BOUKEN (ASIA 990128, NO CD)","JOJO'S VENTURE / JOJO NO KIMYOU NA BOUKEN (ASIA 990128, NO CD)","fbneo",
"Jojobanr1.zip","JOJO'S BIZARRE ADVENTURE HERITAGE FOR THE FUTURE / JOJO NO KIMYOU NA BOUKEN MIRAI E NO ISAN (JAPAN 990913, NO CD)","JOJO'S BIZARRE ADVENTURE HERITAGE FOR THE FUTURE / JOJO NO KIMYOU NA BOUKEN MIRAI E NO ISAN (JAPAN 990913, NO CD)","fbneo",
"Joustr.zip","Joust (Solid Red label)","Joust (Solid Red label)","fbneo",
"Jungleh.zip","JUNGLE HUNT (US)","JUNGLE HUNT (US)","fbneo",
"Karnovj.zip","Karnov (Japan)","Karnov (Japan)","fbneo",
"Kickman.zip","Kickman (upright)","Kickman (upright)","fbneo",
"Shaolins.zip","Shao-lin's Road (set 1)","Shao-lin's Road (set 1)","fbneo",
"Knightsu.zip","KNIGHTS OF THE ROUND (911127 USA)","KNIGHTS OF THE ROUND (911127 USA)","fbneo",
"Kodu.zip","THE KING OF DRAGONS (US 910910)","THE KING OF DRAGONS (US 910910)","fbneo",
"Kof98h.zip","THE KING OF FIGHTERS '98 - THE SLUGFEST / KING OF FIGHTERS '98 - DREAM MATCH NEVER ENDS (NGH-2420)","THE KING OF FIGHTERS '98 - THE SLUGFEST / KING OF FIGHTERS '98 - DREAM MATCH NEVER ENDS (NGH-2420)","fbneo",
"Kungfub.zip","Kung-Fu Master (bootleg set 1)","Kung-Fu Master (bootleg set 1)","fbneo",
"Dungeonm.zip","DUNGEON MAGIC (VER 2.1O 1994/02/18)","DUNGEON MAGIC (VER 2.1O 1994/02/18)","fbneo",
"Liquidku.zip","LIQUID KIDS (US)","LIQUID KIDS (US)","fbneo",
"Kengo.zip","KEN-GO (SET 1)","KEN-GO (SET 1)","fbneo",
"Excthour.zip","Exciting Hour","Exciting Hour","fbneo",
"Nmaster.zip","ONI - THE NINJA MASTER (JAPAN)","ONI - THE NINJA MASTER (JAPAN)","fbneo",
"Mhavocrv.zip","Major Havoc - Return to Vax","Major Havoc - Return to Vax","fbneo",
"Mhavoc2.zip","Major Havoc (rev 2)","Major Havoc (rev 2)","fbneo",
"Suprmatk.zip","Super Missile Attack (for rev 1)","Super Missile Attack (for rev 1)","fbneo",
"Eagle.zip","Eagle (set 1)","Eagle (set 1)","fbneo",
"Fantazia.zip","Fantazia (bootleg)","Fantazia (bootleg)","fbneo",
"Mooncrsb.zip","Moon Cresta (bootleg set 1)","Moon Cresta (bootleg set 1)","fbneo",
"Mpatrolw.zip","Moon Patrol (Williams)","Moon Patrol (Williams)","fbneo",
"Mranger.zip","Moon Ranger (bootleg of Moon Patrol)","Moon Ranger (bootleg of Moon Patrol)","fbneo",
"Mrdot.zip","Mr. Do! (Taito license)","Mr. Do! (Taito license)","fbneo",
"Mrdu.zip","Mr. Du!","Mr. Du!","fbneo",
"Mrlo.zip","Mr. Lo!","Mr. Lo!","fbneo",
"Mslug4h.zip","METAL SLUG 4 (NGH-2630)","METAL SLUG 4 (NGH-2630)","fbneo",
"Mtlchampa.zip","MARTIAL CHAMPION (VER AAA)","MARTIAL CHAMPION (VER AAA)","fbneo",
"Mvscu.zip","MARVEL VS CAPCOM - CLASH OF SUPER HEROES (980123 USA)","MARVEL VS CAPCOM - CLASH OF SUPER HEROES (980123 USA)","fbneo",
"Gradius.zip","GRADIUS (JAPAN, ROM VERSION)","GRADIUS (JAPAN, ROM VERSION)","fbneo",
"Nibblera.zip","Nibbler (rev 9, alternate set)","Nibbler (rev 9, alternate set)","fbneo",
"Nslasherj.zip","NIGHT SLASHERS (JAPAN REV 1.2, DE-0397-0 PCB)","NIGHT SLASHERS (JAPAN REV 1.2, DE-0397-0 PCB)","fbneo",
"Penta.zip","Penta","Penta","fbneo",
"Phoenix3.zip","Phoenix (T.P.N. bootleg)","Phoenix (T.P.N. bootleg)","fbneo",
"Phoenixt.zip","Phoenix (Taito)","Phoenix (Taito)","fbneo",
"Pootan.zip","Pootan","Pootan","fbneo",
"Popeyebl.zip","Popeye (bootleg)","Popeye (bootleg)","fbneo",
"Hangly.zip","Hangly-Man (set 1)","Hangly-Man (set 1)","fbneo",
"Pacmanbl.zip","Pac-Man (bootleg on Galaxian hardware, set 1)","Pac-Man (bootleg on Galaxian hardware, set 1)","fbneo",
"Pacman.zip","Pac-Man (Midway)","Pac-Man (Midway)","fbneo",
"Pacmod.zip","Pac-Man (Midway, harder)","Pac-Man (Midway, harder)","fbneo",
"Piranha.zip","Piranha","Piranha","fbneo",
"Qix2.zip","Qix II (Tournament)","Qix II (Tournament)","fbneo",
"Rastsaga.zip","Rastan Saga (Japan Rev 1)","Rastan Saga (Japan Rev 1)","fbneo",
"Ropeman.zip","Ropeman (bootleg of Roc'n Rope)","Ropeman (bootleg of Roc'n Rope)","fbneo",
"Rtypeu.zip","R-TYPE (US)","R-TYPE (US)","fbneo",
"Rygarj.zip","Argus no Senshi (Japan)","Argus no Senshi (Japan)","fbneo",
"Sailormnoj.zip","PRETTY SOLDIER SAILOR MOON (VER. 95/03/21, JAPAN)","PRETTY SOLDIER SAILOR MOON (VER. 95/03/21, JAPAN)","fbneo",
"Lifefrce.zip","LIFEFORCE (US)","LIFEFORCE (US)","fbneo",
"Scobrab.zip","Super Cobra (bootleg, set 1)","Super Cobra (bootleg, set 1)","fbneo",
"Eggs.zip","Eggs","Eggs","fbneo",
"Slyspy.zip","SLY SPY (US REVISION 4)","SLY SPY (US REVISION 4)","fbneo",
"Sf2accp2.zip","Street Fighter II' - Champion Edition (Accelerator Pt.II bootleg, 920313 Testron)","Street Fighter II' - Champion Edition (Accelerator Pt.II bootleg, 920313 Testron)","fbneo",
"Sf2red.zip","Street Fighter II' - Champion Edition (Red Wave bootleg set 1, 920313 etc)","Street Fighter II' - Champion Edition (Red Wave bootleg set 1, 920313 etc)","fbneo",
"Sfau.zip","STREET FIGHTER ALPHA - WARRIORS' DREAMS (950627 USA)","STREET FIGHTER ALPHA - WARRIORS' DREAMS (950627 USA)","fbneo",
"Sfz3j.zip","STREET FIGHTER ZERO 3 (980904 JAPAN)","STREET FIGHTER ZERO 3 (980904 JAPAN)","fbneo",
"Sfiiin.zip","STREET FIGHTER III NEW GENERATION (ASIA 970204, NO CD, BIOS SET 1)","STREET FIGHTER III NEW GENERATION (ASIA 970204, NO CD, BIOS SET 1)","fbneo",
"Sfiii3n.zip","STREET FIGHTER III 3RD STRIKE FIGHT FOR THE FUTURE (JAPAN 990608, NO CD)","STREET FIGHTER III 3RD STRIKE FIGHT FOR THE FUTURE (JAPAN 990608, NO CD)","fbneo",
"Gaiden.zip","NINJA GAIDEN (US)","NINJA GAIDEN (US)","fbneo",
"Soldamj.zip","SOLDAM (JAPAN)","SOLDAM (JAPAN)","fbneo",
"Stratvox.zip","Stratovox","Stratovox","fbneo",
"Spidmanu.zip","SPIDER-MAN THE VIDEOGAME (US, REV A)","SPIDER-MAN THE VIDEOGAME (US, REV A)","fbneo",
"Ssf2u.zip","SUPER STREET FIGHTER II - THE NEW CHALLENGERS (SUPER STREET FIGHTER 2 930911 USA)","SUPER STREET FIGHTER II - THE NEW CHALLENGERS (SUPER STREET FIGHTER 2 930911 USA)","fbneo",
"Ssf2xj.zip","SUPER STREET FIGHTER II X - GRAND MASTER CHALLENGE (SUPER STREET FIGHTER 2 X 940311 JAPAN)","SUPER STREET FIGHTER II X - GRAND MASTER CHALLENGE (SUPER STREET FIGHTER 2 X 940311 JAPAN)","fbneo",
"Megaforc.zip","Mega Force (World)","Mega Force (World)","fbneo",
"Rbtapper.zip","TAPPER (ROOT BEER)","TAPPER (ROOT BEER)","fbneo",
"Sutapper.zip","Tapper (Suntory)","Tapper (Suntory)","fbneo",
"Temptube.zip","Tempest Tubes","Tempest Tubes","fbneo",
"Dassault.zip","DESERT ASSAULT (US)","DESERT ASSAULT (US)","fbneo",
"Spaceplt.zip","Space Pilot (set 1)","Space Pilot (set 1)","fbneo",
"Tmht.zip","TEENAGE MUTANT HERO TURTLES (UK 4 PLAYERS, VERSION F)","TEENAGE MUTANT HERO TURTLES (UK 4 PLAYERS, VERSION F)","fbneo",
"Hyprolym.zip","Hyper Olympic","Hyper Olympic","fbneo",
"Motorace.zip","MotoRace USA","MotoRace USA","fbneo",
"Trojanj.zip","Tatakai no Banka (Japan)","Tatakai no Banka (Japan)","fbneo",
"Turpin.zip","Turpin","Turpin","fbneo",
"Gradius2.zip","GRADIUS II - GOFER NO YABOU (JAPAN NEW VER.)","GRADIUS II - GOFER NO YABOU (JAPAN NEW VER.)","fbneo",
"Pyros.zip","PYROS (US)","PYROS (US)","fbneo",
"Sxevious.zip","Super Xevious (Namco)","Super Xevious (Namco)","fbneo",
"Columns.zip","Columns","Columns","fbneo",
"Bootcamp.zip","BOOTCAMP","BOOTCAMP","fbneo",
"Commsega.zip","Commsega","Commsega","fbneo",
"Commandj.zip","Commandj","Commandj","fbneo",
"Commando.zip","Commando","Commando","fbneo",
"Crossed Swords.zip","Crossed Swords","Crossed Swords","fbneo",
"Congo.zip","Congo","Congo","fbneo",
"Tehkanwc.zip","TEHKANWC","TEHKANWC","fbneo",
"Stocker.zip","STOCKER","STOCKER","fbneo",
"Cottonbm.zip","COTTONBM","COTTONBM","fbneo",
"Cotton.zip","Cotton","Cotton","fbneo",
"Crash.zip","Crash","Crash","fbneo",
"Ccboot.zip","Ccboot","Ccboot","fbneo",
"Cclimber.zip","Cclimber","Cclimber","fbneo",
"Crimec.zip","Crimec","Crimec","fbneo",
"Crimfght.zip","Crimfght","Crimfght","fbneo",
"Crusnwld.zip","Crusnwld","Crusnwld","fbneo",
"Crush.zip","Crush","Crush","fbneo",
"Copsnrob.zip","Copsnrob","Copsnrob","fbneo",
"Topsecex.zip","TOPSECEX","TOPSECEX","fbneo",
"Snowbros.zip","SNOWBROS","SNOWBROS","fbneo",
"64Streetj.zip","64STREETJ","64STREETJ","fbneo",
"Lethalj.zip","LETHALJ","LETHALJ","fbneo",
"Ckonga.zip","Ckonga","Ckonga","fbneo",
"Ckongalc.zip","Ckongalc","Ckongalc","fbneo",
"Ckong.zip","Ckong","Ckong","fbneo",
"Ckongjeu.zip","Ckongjeu","Ckongjeu","fbneo",
"Elvactr.zip","ELVACTR","ELVACTR","fbneo",
"Elim2.zip","ELIM2","ELIM2","fbneo",
"Ldrun2.zip","LDRUN2","LDRUN2","fbneo",
"Balonfgt.zip","BALONFGT","BALONFGT","fbneo",
"Bwidow.zip","BWIDOW","BWIDOW","fbneo",
"Breaker's.zip","BREAKER'S","BREAKER'S","fbneo",
"Lotlot.zip","LOTLOT","LOTLOT","fbneo",
"Bioship.zip","BIOSHIP","BIOSHIP","fbneo",
"1943Kai.zip","1943KAI","1943KAI","fbneo",
"Sws92.zip","SWS92","SWS92","fbneo",
"Chiller.zip","Chiller","Chiller","fbneo",
"Hsf2.zip","HSF2","HSF2","fbneo",
"Brkthru.zip","BRKTHRU","BRKTHRU","fbneo",
"Changes.zip","Changes","Changes","fbneo",
"Comotion.zip","Comotion","Comotion","fbneo",
"Area51.zip","AREA51","AREA51","fbneo",
"Tengai.zip","TENGAI","TENGAI","fbneo",
"Ffreveng.zip","FFREVENG","FFREVENG","fbneo",
"Gaia.zip","GAIA","GAIA","fbneo",
"Gravitar.zip","GRAVITAR","GRAVITAR","fbneo",
"Puzz Loop 2.Cps2.7z","PUZZ LOOP 2.CPS2","PUZZ LOOP 2.CPS2","fbneo",
"Badlands.zip","BADLANDS","BADLANDS","fbneo",
"Blandia.zip","BLANDIA","BLANDIA","fbneo",
"Suprmrio.zip","SUPRMRIO","SUPRMRIO","fbneo",
"Skullxbo.zip","SKULLXBO","SKULLXBO","fbneo",
"Mhavoc.zip","MHAVOC","MHAVOC","fbneo",
"Megaman2.zip","MEGAMAN2","MEGAMAN2","fbneo",
"Metal Slug - Super Vehicle-001.zip","METAL SLUG - SUPER VEHICLE-001","METAL SLUG - SUPER VEHICLE-001","fbneo",
"Bnzabros.zip","BNZABROS","BNZABROS","fbneo",
"Mpatrol.zip","MPATROL","MPATROL","fbneo",
"Mysticri.zip","MYSTICRI","MYSTICRI","fbneo",
"Colony7.zip","Colony7","Colony7","fbneo",
"Silentd.zip","SILENTD","SILENTD","fbneo",
"Mp_Gaxe2.zip","MP_GAXE2","MP_GAXE2","fbneo",
"Aof2.zip","AOF2","AOF2","fbneo",
"Bigkarnk.zip","BIGKARNK","BIGKARNK","fbneo",
"Aof3.zip","AOF3","AOF3","fbneo",
"Armwar.zip","ARMWAR","ARMWAR","fbneo",
"Armwaru.zip","ARMWARU","ARMWARU","fbneo",
"Bssoccer.zip","BSSOCCER","BSSOCCER","fbneo",
"Cotton2.zip","Cotton2","Cotton2","fbneo",
"Samsho.zip","SAMSHO","SAMSHO","fbneo",
"Tinstar.zip","TINSTAR","TINSTAR","fbneo",
"Bloodbro.zip","BLOODBRO","BLOODBRO","fbneo",
"Blitz2k.zip","BLITZ2K","BLITZ2K","fbneo",
"Cbuster.zip","Cbuster","Cbuster","fbneo",
"Cloak.zip","Cloak","Cloak","fbneo",
"Nss_Con3.zip","NSS_CON3","NSS_CON3","fbneo",
"Bsktball.zip","BSKTBALL","BSKTBALL","fbneo",
"Bionicc2.zip","BIONICC2","BIONICC2","fbneo",
"Aof.zip","AOF","AOF","fbneo",
"Berlwall.zip","BERLWALL","BERLWALL","fbneo",
"Berzerk.zip","BERZERK","BERZERK","fbneo",
"Agallet.zip","AGALLET","AGALLET","fbneo",
"Bonzeadv.zip","BONZEADV","BONZEADV","fbneo",
"Citycon.zip","Citycon","Citycon","fbneo",
"Crater.zip","Crater","Crater","fbneo",
"Airduel.zip","AIRDUEL","AIRDUEL","fbneo",
"Ajax.zip","AJAX","AJAX","fbneo",
"Baddudes.zip","BADDUDES","BADDUDES","fbneo",
"Challeng.zip","Challeng","Challeng","fbneo",
"Sonicwi2.zip","SONICWI2","SONICWI2","fbneo",
"Sidearms.zip","SIDEARMS","SIDEARMS","fbneo",
"Sailormn.zip","SAILORMN","SAILORMN","fbneo",
"1944.zip","1944","1944","fbneo",
"Sidepckt.zip","SIDEPCKT","SIDEPCKT","fbneo",
"Thundfox.zip","THUNDFOX","THUNDFOX","fbneo",
"Spang.zip","SPANG","SPANG","fbneo",
"Ataxx.zip","ATAXX","ATAXX","fbneo",
"1941.zip","1941","1941","fbneo",
"Kotm2.zip","KOTM2","KOTM2","fbneo",
"Crossbow.zip","Crossbow","Crossbow","fbneo",
"Tektagt.zip","TEKTAGT","TEKTAGT","fbneo",
"Rfjet.zip","RFJET","RFJET","fbneo",
"Cosmicmo.zip","Cosmicmo","Cosmicmo","fbneo",
"Champwr.zip","Champwr","Champwr","fbneo",
"Tekken3.zip","TEKKEN3","TEKKEN3","fbneo",
"3Stooges.zip","3STOOGES","3STOOGES","fbneo",
"Bchopper.zip","BCHOPPER","BCHOPPER","fbneo",
"Clowns.zip","Clowns","Clowns","fbneo",
"Backfire.zip","BACKFIRE","BACKFIRE","fbneo",
"Spelunkr.zip","SPELUNKR","SPELUNKR","fbneo",
"Batman2.zip","BATMAN2","BATMAN2","fbneo",
"Circus.zip","Circus","Circus","fbneo",
"Crusnusa.zip","Crusnusa","Crusnusa","fbneo",
"Ssideki2.zip","SSIDEKI2","SSIDEKI2","fbneo",
"Roadblst.zip","ROADBLST","ROADBLST","fbneo",
"Robocop.zip","ROBOCOP","ROBOCOP","fbneo",
"Rodland.zip","RODLAND","RODLAND","fbneo",
"Rtype.zip","RTYPE","RTYPE","fbneo",
"Stdragon.zip","STDRAGON","STDRAGON","fbneo",
"Avspu.zip","AVSPU","AVSPU","fbneo",
"Stunrun2.zip","STUNRUN2","STUNRUN2","fbneo",
"Carnival.zip","Carnival","Carnival","fbneo",
"Tnzs.zip","TNZS","TNZS","fbneo",
"Skullfng.zip","SKULLFNG","SKULLFNG","fbneo",
"Skyadvnt.zip","SKYADVNT","SKYADVNT","fbneo",
"Smashtv.zip","SMASHTV","SMASHTV","fbneo",
"Snapjack.zip","SNAPJACK","SNAPJACK","fbneo",
"Splatter.zip","SPLATTER","SPLATTER","fbneo",
"Spectar.zip","SPECTAR","SPECTAR","fbneo",
"Spiker.zip","SPIKER","SPIKER","fbneo",
"Spinlbrk.zip","SPINLBRK","SPINLBRK","fbneo",
"Stadhero.zip","STADHERO","STADHERO","fbneo",
"Stratgyx.zip","STRATGYX","STRATGYX","fbneo",
"Strhoop.zip","STRHOOP","STRHOOP","fbneo",
"Strkforc.zip","STRKFORC","STRKFORC","fbneo",
"Super Gem Fighter Mini Mix.Cps2.7z","SUPER GEM FIGHTER MINI MIX.CPS2","SUPER GEM FIGHTER MINI MIX.CPS2","fbneo",
"Super Street Fighter II Turbo.Cps2.7z","SUPER STREET FIGHTER II TURBO.CPS2","SUPER STREET FIGHTER II TURBO.CPS2","fbneo",
"Svolley.zip","SVOLLEY","SVOLLEY","fbneo",
"Superman.zip","SUPERMAN","SUPERMAN","fbneo",
"Svc.zip","SVC","SVC","fbneo",
"Targ.zip","TARG","TARG","fbneo",
"Aoh.zip","AOH","AOH","fbneo",
"Punisher.zip","PUNISHER","PUNISHER","fbneo",
"Timetunl.zip","TIMETUNL","TIMETUNL","fbneo",
"Toki.zip","TOKI","TOKI","fbneo",
"Uballoon.zip","UBALLOON","UBALLOON","fbneo",
"Mp_Sor2.zip","MP_SOR2","MP_SOR2","fbneo",
"Ambush.zip","AMBUSH","AMBUSH","fbneo",
"Aerofgts.zip","AEROFGTS","AEROFGTS","fbneo",
"Stagger1.zip","STAGGER1","STAGGER1","fbneo",
"Batmanfr.zip","BATMANFR","BATMANFR","fbneo",
"Grdians.zip","GRDIANS","GRDIANS","fbneo",
"Crysking.zip","Crysking","Crysking","fbneo",
"Boothill.zip","BOOTHILL","BOOTHILL","fbneo",
"Charlien.zip","CHARLIEN","CHARLIEN","fbneo",
"Cavenger.zip","Cavenger","Cavenger","fbneo",
"Cosmica.zip","Cosmica","Cosmica","fbneo",
"Cerberus.zip","Cerberus","Cerberus","fbneo",
"Timecrisa.zip","TIMECRISA","TIMECRISA","fbneo",
"Suzuka8h.zip","SUZUKA8H","SUZUKA8H","fbneo",
"Freeze.zip","FREEZE","FREEZE","fbneo",
"Bayroute.zip","BAYROUTE","BAYROUTE","fbneo",
"Baraduke.zip","BARADUKE","BARADUKE","fbneo",
"Bbbxing.zip","BBBXING","BBBXING","fbneo",
"Asurabld.zip","ASURABLD","ASURABLD","fbneo",
"Streetsm.zip","STREETSM","STREETSM","fbneo",
"Actfancr.zip","ACTFANCR","ACTFANCR","fbneo",
"Bloxeed.zip","BLOXEED","BLOXEED","fbneo",
"Combat.zip","Combat","Combat","fbneo",
"Cheyenne.zip","Cheyenne","Cheyenne","fbneo",
"Boogwing.zip","BOOGWING","BOOGWING","fbneo",
"Cshift.zip","Cshift","Cshift","fbneo",
"Spinmast.zip","SPINMAST","SPINMAST","fbneo",
"Acrobatm.zip","ACROBATM","ACROBATM","fbneo",
"Loht.zip","LOHT","LOHT","fbneo",
"Simpsons.zip","SIMPSONS","SIMPSONS","fbneo",
"Aurail.zip","AURAIL","AURAIL","fbneo",
"Lethalth.zip","LETHALTH","LETHALTH","fbneo",
"Tecmowcm.zip","TECMOWCM","TECMOWCM","fbneo",
"Altbeast.zip","ALTBEAST","ALTBEAST","fbneo",
"Ldrun3.zip","LDRUN3","LDRUN3","fbneo",
"Cclimbr2.zip","Cclimbr2","Cclimbr2","fbneo",
"Aladmdb.zip","ALADMDB","ALADMDB","fbneo",
"Cop01.zip","Cop01","Cop01","fbneo",
"Chelnov.zip","Chelnov","Chelnov","fbneo",
"Riot.zip","RIOT","RIOT","fbneo",
"Subs.zip","SUBS","SUBS","fbneo",
"Thunderj.zip","THUNDERJ","THUNDERJ","fbneo",
"Bogeyman.zip","BOGEYMAN","BOGEYMAN","fbneo",
"Cobracom.zip","Cobracom","Cobracom","fbneo",
