"World Of Illusion Starring Mickey Mouse And Donald [46].md.7z","WORLD OF ILLUSION STARRING MICKEY MOUSE AND DONALD [46].MD","WORLD OF ILLUSION STARRING MICKEY MOUSE AND DONALD [46].MD","megadrive",
"Vectorman 2 [325].bin.7z","VECTORMAN 2 [325].BIN","VECTORMAN 2 [325].BIN","megadrive",
"Tom Mason's Dinosaurs For Hire [577].md.7z","TOM MASON'S DINOSAURS FOR HIRE [577].MD","TOM MASON'S DINOSAURS FOR HIRE [577].MD","megadrive",
"Tiny Toon Adventures - Buster's Hidden Treasure [79].md.7z","TINY TOON ADVENTURES - BUSTER'S HIDDEN TREASURE [79].MD","TINY TOON ADVENTURES - BUSTER'S HIDDEN TREASURE [79].MD","megadrive",
"Thunder Force IV [55].md.7z","THUNDER FORCE IV [55].MD","THUNDER FORCE IV [55].MD","megadrive",
"Thunder Force III [141].gen.7z","THUNDER FORCE III [141].GEN","THUNDER FORCE III [141].GEN","megadrive",
"Thunder Force II [275].bin.7z","THUNDER FORCE II [275].BIN","THUNDER FORCE II [275].BIN","megadrive",
"The Adventures Of Batman & Robin [52].bin.7z","THE ADVENTURES OF BATMAN & ROBIN [52].BIN","THE ADVENTURES OF BATMAN & ROBIN [52].BIN","megadrive",
"The [39].gen.7z","THE [39].GEN","THE [39].GEN","megadrive",
"Super Street Fighter II [80].bin.7z","SUPER STREET FIGHTER II [80].BIN","SUPER STREET FIGHTER II [80].BIN","megadrive",
"Strider [78].gen.7z","STRIDER [78].GEN","STRIDER [78].GEN","megadrive",
"Streets Of Rage II [20].bin.7z","STREETS OF RAGE II [20].BIN","STREETS OF RAGE II [20].BIN","megadrive",
"Streets Of Rage 3 [143230].gen.7z","STREETS OF RAGE 3 [143230].GEN","STREETS OF RAGE 3 [143230].GEN","megadrive",
"Streets Of Rage [7].gen.7z","STREETS OF RAGE [7].GEN","STREETS OF RAGE [7].GEN","megadrive",
"Sonic The Hedgehog 2 [3].smd.7z","SONIC THE HEDGEHOG 2 [3].SMD","SONIC THE HEDGEHOG 2 [3].SMD","megadrive",
"Sonic The Hedgehog [5].bin.7z","SONIC THE HEDGEHOG [5].BIN","SONIC THE HEDGEHOG [5].BIN","megadrive",
"Sonic 3D Flickies' Island [18434].smd.7z","SONIC 3D FLICKIES' ISLAND [18434].SMD","SONIC 3D FLICKIES' ISLAND [18434].SMD","megadrive",
"Sonic 3 [1187].smd.7z","SONIC 3 [1187].SMD","SONIC 3 [1187].SMD","megadrive",
"Sonic & Knuckles + Sonic The Hedgehog 3 [1185].smd.7z","Sonic & Knuckles + Sonic The Hedgehog 3 [1185].smd","Sonic & Knuckles + Sonic The Hedgehog 3 [1185].smd","megadrive",
"Sonic & Knuckles + Sonic The Hedgehog 2 [1184].smd.7z","SONIC & KNUCKLES + SONIC THE HEDGEHOG 2 [1184].SMD","SONIC & KNUCKLES + SONIC THE HEDGEHOG 2 [1184].SMD","megadrive",
"Sonic & Knuckles [14].smd.7z","SONIC & KNUCKLES [14].SMD","SONIC & KNUCKLES [14].SMD","megadrive",
"Sonic & Knuckles [14] {EE1177D2}.smd.7z","SONIC & KNUCKLES [14] {EE1177D2}.SMD","SONIC & KNUCKLES [14] {EE1177D2}.SMD","megadrive",
"Socket [1181].smd.7z","SOCKET [1181].SMD","SOCKET [1181].SMD","megadrive",
"Shinobi III - Return Of The Ninja Master [11].7z","SHINOBI III - RETURN OF THE NINJA MASTER [11]","SHINOBI III - RETURN OF THE NINJA MASTER [11]","megadrive",
"Rocket Knight Adventures [72].md.7z","ROCKET KNIGHT ADVENTURES [72].MD","ROCKET KNIGHT ADVENTURES [72].MD","megadrive",
"Road Rash II [102].md.7z","ROAD RASH II [102].MD","ROAD RASH II [102].MD","megadrive",
"Road Rash [119].gen.7z","ROAD RASH [119].GEN","ROAD RASH [119].GEN","megadrive",
"Ristar [42].gen.7z","RISTAR [42].GEN","RISTAR [42].GEN","megadrive",
"Pulseman [210].gen.7z","PULSEMAN [210].GEN","PULSEMAN [210].GEN","megadrive",
"Probotector [69].bin.7z","PROBOTECTOR [69].BIN","PROBOTECTOR [69].BIN","megadrive",
"Musha - Metallic Uniframe Super Hybrid Armor [186].gen.7z","MUSHA - METALLIC UNIFRAME SUPER HYBRID ARMOR [186].GEN","MUSHA - METALLIC UNIFRAME SUPER HYBRID ARMOR [186].GEN","megadrive",
"Mortal Kombat [12].gen.7z","MORTAL KOMBAT [12].GEN","MORTAL KOMBAT [12].GEN","megadrive",
"Kid Chameleon [38].md.7z","KID CHAMELEON [38].MD","KID CHAMELEON [38].MD","megadrive",
"Jewel Master [366].smd.7z","JEWEL MASTER [366].SMD","JEWEL MASTER [366].SMD","megadrive",
"Haunting Starring Polterguy [364].md.7z","HAUNTING STARRING POLTERGUY [364].MD","HAUNTING STARRING POLTERGUY [364].MD","megadrive",
"Gunstar Heroes [89].7z","GUNSTAR HEROES [89]","GUNSTAR HEROES [89]","megadrive",
"Golden Axe III [61].bin.7z","GOLDEN AXE III [61].BIN","GOLDEN AXE III [61].BIN","megadrive",
"Golden Axe II [88].md.7z","GOLDEN AXE II [88].MD","GOLDEN AXE II [88].MD","megadrive",
"Golden Axe [28].gen.7z","GOLDEN AXE [28].GEN","GOLDEN AXE [28].GEN","megadrive",
"Ghostbusters [85].smd.7z","GHOSTBUSTERS [85].SMD","GHOSTBUSTERS [85].SMD","megadrive",
"Empire Of Steel [188].smd.7z","EMPIRE OF STEEL [188].SMD","EMPIRE OF STEEL [188].SMD","megadrive",
"Elemental Master [426].bin.7z","ELEMENTAL MASTER [426].BIN","ELEMENTAL MASTER [426].BIN","megadrive",
"Decapattack [1046].smd.7z","DECAPATTACK [1046].SMD","DECAPATTACK [1046].SMD","megadrive",
"Comix Zone [35].md.7z","COMIX ZONE [35].MD","COMIX ZONE [35].MD","megadrive",
"Castlevania - The New Generation [40].bin.7z","CASTLEVANIA - THE NEW GENERATION [40].BIN","CASTLEVANIA - THE NEW GENERATION [40].BIN","megadrive",
"Alisia Dragoon [53].smd.7z","ALISIA DRAGOON [53].SMD","ALISIA DRAGOON [53].SMD","megadrive",
"Alien Soldier [36].md.7z","ALIEN SOLDIER [36].MD","ALIEN SOLDIER [36].MD","megadrive",
"A Dinosaur's Tale [1048].md.7z","A DINOSAUR'S TALE [1048].MD","A DINOSAUR'S TALE [1048].MD","megadrive",
